#,Cluster,DD Ref,Title (Brief Description),Full Description,Plain English Ask,DRI,Requires DG Review,Requires Cooley Review,Owner,Priority,Status,GDrive Location1,GDrive Location2,GDrive Location3,GDrive Location4,GDrive Location5,P53 Share,Rathgar Share,LOE,Likelihood,Output Format,Dependency,Owner Notes
1,General Corporate,I.A,Certificate of Incorporation & Bylaws,"The Company's certificate of incorporation and bylaws, including all amendments thereto.",Provide charter docs and all amendments,Legal,,,,High,Ready for Review,https://drive.google.com/drive/folders/0ALnnZ6-QJEhsUk9PVA ,https://drive.google.com/drive/folders/1s-3P_tSHZ8Ju6HM_QtE1eJNnh8YGDmWI,,,,,,Low,Certain,PDF,,
2,General Corporate,I.B,Board Minutes & Written Consents,"All minutes of all meetings of directors, committees of directors and stockholders of the Company. Copies of any written notices, if given, and any written consent to action without a meeting.",All board/committee/stockholder meeting minutes and written consents,Legal,,,,High,Ready for Review,https://drive.google.com/drive/folders/1HLShxWUrNDkBcQK5P0qOjoDNK_k2KMbF,https://drive.google.com/drive/folders/1sUYYDbCeVxZeUIAmB2hTCFD-fYsmNSGg,,,,,,Low,Certain,PDF,,
3,General Corporate,I.C,Board Committee Charters & Policies,Copies of charters of any committees of the Company's board of directors. Include any written policies established by the board of directors and any committee thereof.,Provide charters for each board committee and any board-level policies,Legal,,,,High,Not Started,https://drive.google.com/drive/folders/1FK6dgM33TamKFvyb45zQ1OUX6rLkoXX4,,,,,,,Low,Certain,PDF,,
4,General Corporate,I.D,Jurisdictions & Qualified Locations,"List of jurisdictions in which business is done, real property is owned or leased, employees or consultants reside or operate on behalf of the Company, or any material contractual relationships exist.","List every jurisdiction where Intercom does business, has property, employees, or material contracts",Legal,,,,Medium,Not Started,,,,,,,,Low,Certain,XLSX,,
5,General Corporate,I.E,Good Standing Certificates,Good standing certificates or equivalent from the Company's jurisdiction of incorporation and other jurisdictions in which it is qualified to do business.,Order fresh good standing certs from Delaware and each qualified state/country,Legal,,,,High,Not Started,,,,,,,,Low,Certain,PDF,Delaware SoS + states,
6,General Corporate,I.F,Equity Issuance Documents & Capital Stock History,"Please provide: (i) all equity issuance documents, whether or not such equity remains outstanding; (ii) all agreements pursuant to which the company has redeemed any shares of capital stock; (iii) all documents evidencing secondary transfers of capital stock; (iv) any convertible debt or similar instruments and agreements pursuant to which such instruments have converted into capital stock; and (v) any outstanding options, warrants or similar securities not governed by an equity incentive plan.","All equity issuance docs, redemptions, secondary transfers, convertible debt, and non-plan options/warrants",Legal,,,,High,Not Started,,,,,,,,Medium,Certain,ZIP of PDFs,,
7,General Corporate,I.G,Current & Former Directors and Officers,"List of all current and former directors and officers of the Company, including the dates of service of each such individual.",List all current and past directors/officers with start and end dates,Legal,,,,Medium,Not Started,https://docs.google.com/document/d/1TPvlexV30cAiz__rOhwz6CFT13EN6UOVft5PP6LXDc4,,,,,,,Low,Certain,XLSX,,
8,General Corporate,I.H,Subsidiaries & Corporate Org Structure,List of all subsidiaries (and any other entity in which the Company holds an equity interest) and corporate organizational structure of the Company.,List all subsidiaries and equity interests with org chart,Legal,,,,Medium,Not Started,https://drive.google.com/drive/folders/1NeRYcfeJGdR379HWnzhiA3RWUNyidnkF,https://drive.google.com/drive/folders/15cj3Vna9-tLDxei8g8VZYwY10NdSEeh2,,,,,,Low,Certain,PDF + XLSX,,
9,General Corporate,I.I,Subsidiary Corporate Information,"Corporate information regarding subsidiaries, i.e., ownership, date of acquisition of stock and/or assets and other materials relating to the establishment and operations of such subsidiaries. Copies of the equivalent docs with respect to each subsidiary as are requested in I.A and I.B above for Intercom, Inc.","For each subsidiary: ownership details, acquisition history, and equivalent charter docs/minutes as requested for parent",Legal,,,,Medium,Not Started,https://drive.google.com/drive/folders/1s-3P_tSHZ8Ju6HM_QtE1eJNnh8YGDmWI,,,,,,,Medium,Certain,ZIP of PDFs,,
10,General Corporate,I.J,Press Clippings & Releases,"Copies of all press clippings, press releases, media and trade information for the last [three] years.",Compile 3-year press release archive and notable media coverage,Comms,,,,Low,Not Started,,,,,,,,Low,Likely,PDF,,
11,General Corporate,I.K,Significant Events & M&A Approaches,"Description of all significant events in the Company's history since inception, including any bids, investment discussions, or M&A approaches received in the last 12 months.","Write a timeline of significant corporate events since founding, plus any inbound bids/investment approaches in last 12 months",Legal,,,,High,Not Started,,,,,,,,Medium,Certain,PDF,,
12,Capital Stock & Securities,II.A,Stock Records & Stockholder List,"Stock records and stock ledgers, including a list of all stockholders (including number of shares held by each) as of the most recent practicable date and current beneficial ownership lists.",Provide cap table with all stockholders and share counts as of most recent date,Legal,,,,High,Not Started,https://drive.google.com/drive/folders/1dDiQryTrY8uk2XbZtFrUB8pXUselesTo,,,,,,,Low,Certain,XLSX,,
13,Capital Stock & Securities,II.B,"Outstanding Options, SARs, Warrants, Convertibles","List of all outstanding options, stock appreciation rights, warrants and convertible securities. Include, if applicable, (i) the names of the issuees or grantees; (ii) the amounts issued or granted and the amount of any portion exercised; (iii) the dates of issuances or grants; (iv) the plan under which issuance or grant occurred; (v) the consideration received; (vi) the exercise prices; (vii) the vesting schedules; and (viii) the expiration dates.","Full option/warrant/convertible detail from Carta: holder name, grant date, shares, exercise price, vesting, expiration",Legal,,,,High,Not Started,https://drive.google.com/drive/folders/1VNKPkJPjkdpJxFRQ-YqyiTs3ijZWtuNM,,,,,,,Low,Certain,XLSX,,
14,Capital Stock & Securities,II.C,Equity Incentive Plans & Forms,"All employee, director or consultant stock options, stock purchase, stock bonus and any other equity incentive plans (including any forms of option agreement and stock restriction agreement), options, warrants, convertible instruments, pledges, contracts, plans, investment letters, arrangements or commitments relating to the securities of the Company and its subsidiaries and affiliates (whether authorized and unissued, treasury or outstanding). Include copies of all stock option agreements containing terms that are different than those terms contained in the form of stock option agreement provided by the Company.","All equity plan documents, form agreements, and any non-standard option agreements",Legal,,,,High,Not Started,https://docs.google.com/spreadsheets/d/1t5WO-VvIUh9refrSwXUZsjpThLgQpG9i8Pt-tYjpOww,,,,,,,Low,Certain,ZIP of PDFs,,
15,Capital Stock & Securities,II.D,Shareholder Agreements & Voting Rights,"Agreements relating to the ownership and control of the Company (if any), including all shareholder or member agreements, voting trusts and voting agreements, proxies, transfer restriction agreements, preemptive rights agreements, registration agreements, stock purchase rights, co-sale rights, redemption, rights of first refusal, take-along or bring-along rights, antidilution rights, preemptive or other preferential rights to acquire or dispose of securities and any waivers thereof.","All shareholder agreements: voting, ROFR, co-sale, registration rights, anti-dilution, and any waivers",Legal,,,,High,Not Started,https://drive.google.com/drive/folders/1AFKWSsfjaNDtlhbUWTaLMm0fXjdZ7bOn,https://drive.google.com/drive/folders/1TjZYRsUsG3xcndUcK5D1EvxM6B7kd_-R,,,,,,Low,Certain,ZIP of PDFs,,
16,Capital Stock & Securities,II.E,Change of Control Agreements,All agreements restricting or providing rights upon changes in control of the Company.,Any agreements triggered by a change of control (beyond equity acceleration),Legal,,,,High,Not Started,https://docs.google.com/spreadsheets/d/1LfQXQXe2rk7hOs-g232QfP46WXaywg6p,,,,,,,Medium,Certain,PDF,,
17,Capital Stock & Securities,II.F,Other Securities Sales Agreements,"Any other agreements relating to sales of securities by the Company, including any offering circulars.",Any other securities sales docs or offering circulars,Legal,,,,Medium,Not Started,,,,,,,,Low,Likely,PDF,,
18,Capital Stock & Securities,II.G,Securities Qualifications / Blue Sky,Evidence of qualification or exemption under applicable federal securities regulations and state blue sky laws for the issuance or transfer of securities of the Company.,Blue sky / securities compliance filings or exemptions,Legal,,,,Low,Not Started,,,,,,,,Low,Likely,PDF,,
19,Capital Stock & Securities,II.H,Securities Permits,Applications for permits and permits for issuance or transfer of securities.,Any permits for securities issuance/transfer,Legal,,,,Low,Not Started,,,,,,,,Low,Unlikely,PDF,,
20,Capital Stock & Securities,II.I,Dividend Agreements,Any agreements relating to (or restricting) the payment of dividends.,Confirm no dividend agreements exist (Intercom has not declared dividends),Legal,,,,Low,Not Started,,,,,,,,Low,Likely,PDF memo,,
21,Capital Stock & Securities,II.J,Recapitalizations & Restructurings,"Documents relating to recapitalizations, reorganizations or significant restructurings (including any reincorporation).","Any recapitalization, reorg, or restructuring documents",Legal,,,,Medium,Not Started,,,,,,,,Low,Likely,PDF,,
22,Capital Stock & Securities,II.K,Financing Transaction Documents,"All documents relating to any debt, equity, or other financing transactions, including sources and uses of funds and all material correspondence with lenders or stockholders (including compliance reports and notices of default or waiver).","All financing docs: debt, equity, S&U, lender correspondence, compliance reports, default notices",Legal,,,,High,Not Started,,,,,,,,Medium,Certain,ZIP of PDFs,,
23,Acquisitions & Divestitures,III.A,Prior Acquisition/Divestiture Agreements,"Agreements relating to (i) the acquisition or divestiture of equity interests in other companies, businesses or significant assets, and (ii) mergers, consolidations, reorganizations or similar corporate transactions.","Any past acquisition, divestiture, or merger agreements",Legal,,,,Medium,Not Started,,,,,,,,Medium,Likely,PDF,,
24,Acquisitions & Divestitures,III.B,Current Plans/Negotiations for Transactions,"Description of current plans or negotiations (and copies of any existing reports, analyses, letters of intent or term sheets) relating to transactions of the type described above.","Current deal process materials — privileged, Cooley to review before production",Legal,,,,High,Not Started,,,,,,,,Low,Certain,PDF,Cooley review,
25,Acquisitions & Divestitures,III.C,No-Shop / Exclusivity / ROFR,"Agreements containing (i) any 'no-shop' or exclusivity obligation, or (ii) any right of first refusal, right of first offer or right of negotiation with respect to any acquisition transaction.","Confirm whether any no-shop, exclusivity, or ROFR obligations exist from prior processes",Legal,,,,High,Not Started,,,,,,,,Low,Certain,PDF memo,,
26,Financial Information,IV.A,Financial Statements (3 Years),"Copies of any financial statements for the Company prepared for the last [three] fiscal years (both audited and unaudited), including balance sheets, statements of operation, cash flow statements and statements of stockholders equity.","3-year audited and unaudited financial statements (P&L, BS, CF, equity)",Accounting,,,,High,Not Started,https://drive.google.com/drive/folders/1cmeBKcQdExMVhHFdVpqE744zv6Mb-edl,https://drive.google.com/drive/folders/1yTwE2GOG-0TXMZdgtLrUMiYlx151xjHd,,,,,,Low,Certain,PDF + XLSX,,
27,Financial Information,IV.B,Accounts Receivable & Aging,"(i) Accounts receivable and aging schedule by quarter for the last [three] fiscal years and schedule of individual account balances as of most recent practicable date; (ii) copies of all current credit policies, normal trade terms and special trade terms; and (iii) summary of all accounts in dispute, in process of legal collection or write-offs within the last [three] years.","Quarterly AR aging (3 years), current individual balances, credit policies, trade terms, disputed accounts summary",Accounting,,,,High,Not Started,,,,,,,,Medium,Certain,XLSX,,
28,Financial Information,IV.C,Other Receivables,Schedule of other receivables of the Company (other than accounts receivable) as of most recent practicable date (including description of their terms and repayment dates).,List all non-AR receivables with terms and repayment dates,Accounting,,,,Medium,Not Started,,,,,,,,Low,Certain,XLSX,,
29,Financial Information,IV.D,Prepaid Expenses & Other Assets,Schedule of material prepaid expenses and 'other assets' as of most recent practicable date and a general description of each item.,Schedule of material prepaids and other assets with descriptions,Accounting,,,,Medium,Not Started,,,,,,,,Low,Certain,XLSX,,
30,Financial Information,IV.E,AR Reserve Activity (3 Years),"Schedule of accounts receivable reserve activity, including charges against the reserve for the last [three] years.","3-year AR reserve roll: charges, recoveries, write-offs by quarter",Accounting,,,,Medium,Not Started,,,,,,,,Medium,Certain,XLSX,,
31,Financial Information,IV.F,PP&E Schedule,"Schedule of property, plant and equipment and accumulated depreciation broken down into category for the last fiscal year (indicating beginning balances, additions, retirements and ending balances).",PP&E roll-forward by category with depreciation,Accounting,,,,Medium,Not Started,https://docs.google.com/spreadsheets/d/1RmjdPHchSSw0NpTGIK_cz43kolNOlrLl,https://docs.google.com/spreadsheets/d/1QoFXzNUGd8_pU6x7-wC1wu0jaWAVT0Bk,,,,,,Medium,Certain,XLSX,,
32,Financial Information,IV.G,Book/Tax Basis Differences (PP&E),"Schedule of the differences between the book and tax basis of property, plant and equipment as of most recent practicable date.",Book vs. tax depreciation reconciliation,Accounting,,,,Medium,Not Started,,,,,,,,Medium,Likely,XLSX,External tax advisors,
33,Financial Information,IV.H,Intangible Assets Schedule,Schedule of intangible assets as of most recent practicable date (showing the book basis and amortization policy with respect thereto) and a general description of each item.,"Intangibles schedule with book basis, amortization, and descriptions",Accounting,,,,Medium,Not Started,,,,,,,,Medium,Certain,XLSX,,
34,Financial Information,IV.I,Accounts Payable & Aging,Accounts payable and aging as of most recent practicable date.,Current AP aging snapshot,Accounting,,,,Medium,Not Started,,,,,,,,Low,Certain,XLSX,,
35,Financial Information,IV.J,Liabilities by Category,"Schedule of all liabilities by category (trade payables, notes payable, accrued liabilities, etc.) as of most recent practicable date including compensatory based accruals.","Categorized liabilities: trade payables, notes, accrued liabilities, comp accruals",Accounting,,,,Medium,Not Started,,,,,,,,Medium,Certain,XLSX,,
36,Financial Information,IV.K,Contingent Liabilities / Earn-outs,Schedule of any contingent liabilities and/or earn-out payments payable by the Company as of most recent practicable date.,List any contingent liabilities or earn-out obligations,Accounting,,,,Medium,Not Started,,,,,,,,Low,Certain,PDF memo,,
37,Financial Information,IV.L,Material Projects in Progress,"List of material projects currently being worked on (indicating the stage of completion, the expenditures to date and the expenditures needed for completion).","List material projects with completion %, spend-to-date, and spend-to-complete",Finance,,,,Medium,Not Started,,,,,,,,Medium,Likely,XLSX,,
38,Financial Information,IV.M,Sales/Margin Analysis (3 Years),"(i) analysis of sales, cost of sales and direct selling, general and administrative expenses for the last [three] years; and (ii) analysis of gross profit percentages for the last [three] years.","3-year revenue, COGS, SG&A, and gross margin analysis",Finance,,,,High,Not Started,,,,,,,,Low,Certain,XLSX,,
39,Financial Information,IV.N,Off-Balance Sheet Arrangements,Agreements and other documents relating to off-balance sheet arrangements.,Confirm no off-balance sheet arrangements (or document any),Accounting,,,,Medium,Not Started,,,,,,,,Low,Certain,PDF memo,,
40,Financial Information,IV.O,Revenue Recognition & Internal Controls,Copy of revenue recognition policies and a description of the internal controls.,Revenue recognition policy document and internal controls description,Accounting,,,,High,Not Started,https://app.box.com/folder/326587967726,,,,,,,Low,Certain,PDF,,
41,Financial Information,IV.P,Deferred Revenue Schedule,Detailed schedule and description of deferred revenue.,Deferred revenue schedule with detail,Accounting,,,,High,Not Started,,,,,,,,Medium,Certain,XLSX,,
42,Financial Information,IV.Q,Financial Commitments Schedule,"Schedule of all material financial commitments outstanding (including, without limitation, inventory purchases, fixed asset purchases, tax holidays, hedging contracts, and profit-sharing, bonus and commission commitments).",Comprehensive schedule of all outstanding financial commitments,Finance,,,,Medium,Not Started,,,,,,,,Medium,Certain,XLSX,,
43,Financial Information,IV.R,Judgmental Reserves & Accruals (3yr quarterly),"Schedule showing the historical activity of all judgmental reserves and accruals for the past [three] years by quarter, including commissions and bonuses.","Quarterly reserve activity: commissions, bonuses, warranties, etc. for 3 years",Accounting,,,,High,Not Started,,,,,,,,High,Certain,XLSX,,
44,Financial Information,IV.S,Royalty/License Fee Schedule,"Schedule of all agreements for royalties, license fees and other fees triggered by sales or licenses of products.",List any sales-triggered royalty or license fee agreements,"Tommy Bettles, Legal",,,,Low,Not Started,,,,,,,,Low,Likely,PDF or XLSX,,
45,Financial Information,IV.T,Budget & Forecasts,"Budget/financial forecast for the last, current and any future fiscal years (together with variance from budget).","Budget and forecast (last, current, future FYs) with variance analysis",Finance,,,,High,Not Started,,,,,,,,Low,Certain,XLSX,,
46,Financial Information,IV.U,Internal Controls / CEO-CFO Materials,All reports and other materials prepared by or on behalf of the chief executive officer or chief financial officer regarding internal controls or disclosure controls and procedures.,CEO/CFO materials on internal controls and disclosure procedures,Accounting,,,,Medium,Not Started,,,,,,,,Medium,Certain,PDF,,
47,Financial Information,IV.V,Disclosure Controls Evaluation,All materials prepared in connection with the Company's evaluation of its disclosure controls and procedures.,Materials from disclosure controls evaluation,Accounting,,,,Medium,Not Started,,,,,,,,Medium,Likely,PDF,,
48,Financial Information,IV.W,Auditor Correspondence on Controls,All correspondence between the chief executive officer and the chief financial officer and the Company's auditors and audit committee relating to any deficiencies in the design or operation of the internal controls.,CEO/CFO correspondence with auditors re any internal control deficiencies,Accounting,,,,Medium,Not Started,,,,,,,,Medium,Certain,PDF,,
49,Financial Information,IV.X,Auditor Work Papers & Management Letters,(i) auditor work papers for the last [three] fiscal years; (ii) management comment letters issued by auditors for the last [three] fiscal years; and (iii) access to audit manager and/or audit partner.,"3 years of audit work papers, management letters, and auditor access",Accounting,,,,High,Not Started,,,,,,3. Audit,,Medium,Certain,ZIP of PDFs,External auditors,
50,Financial Information,IV.Y,Management Projections / Business Plan,"Projections prepared by management, including business plan, for the next [three] fiscal years.",Management case projections and business plan (next 3 FYs),Finance,,,,High,Not Started,,,,,,,,Low,Certain,XLSX + PDF,,
51,Financial Information,IV.Z,Outside Consultant Reports,"Reports and studies prepared by outside consultants with respect to the Business, within the last [three] fiscal years.","Analyst/consultant reports (Gartner, Forrester, IDC, etc.)","Tommy Bettles, Legal",,,,Medium,Not Started,https://drive.google.com/drive/folders/1MQb6oLZQQq_mtFYORvm3sPBwOFYPWZWe,,,,,,,Low,Certain,ZIP of PDFs,,
52,Financial Information,IV.AA,Monthly Trial Balances (2 Years),"Monthly trial balances (P&L, balance sheet, and cash flow statement) for the past two fiscal years, reconciling to consolidated financial statements, with expense breakdowns by headcount versus non-headcount costs and by cost of sales versus operating expense categories.","Monthly P&L/BS/CF for 2 years, reconciled to consolidated, with HC vs non-HC and COS vs OpEx splits",Accounting,,,,High,Not Started,,,,,,,,High,Certain,XLSX,,
53,Financial Information,IV.BB,Consolidating Financial Statements (3 Years),"Consolidating income statement and balance sheet for each of the past three fiscal years, showing results by legal entity, reconciled to the consolidated financial statements.","3-year consolidating P&L and BS by legal entity, reconciled to consolidated",Accounting,,,,High,Not Started,,,,,,,,High,Certain,XLSX,,
54,Financial Information,IV.CC,Board Presentation Materials (4 Quarters),"Copies of internal management reports, board presentation materials, and board decks for the past four quarters.",Last 4 quarters of board decks and internal management reports,Finance,,,,High,Not Started,,,,,,,,Low,Certain,ZIP of PDFs,,
55,Financial Information,IV.DD,Customer Revenue Detail,"Listing of all commercial arrangements with active customers, including products and services purchased, at least two years of revenue per customer, and identification of whether sales are direct or through a channel.","Full customer list with products purchased, 2-year revenue per customer, and direct vs. channel flag",Finance,,,,High,Not Started,,,,,,,,High,Certain,XLSX,,
56,Financial Information,IV.EE,Deferred Revenue Waterfall,Deferred revenue waterfall schedule and unbilled deferred revenue (contract assets) waterfall schedule.,Deferred revenue and unbilled contract assets waterfall schedules,Accounting,,,,High,Not Started,,,,,,,,High,Certain,XLSX,,
57,Financial Information,IV.FF,Vendor Payment Detail,"List of all active vendors by total payments made over the past two fiscal years, including a description of services provided by each vendor and monthly payment history for the top vendors.","Active vendor list with 2-year payments, service descriptions, and monthly payment history for top vendors",Accounting,,,,Medium,Not Started,,,,,,,,Medium,Certain,XLSX,,
58,Financial Information,IV.GG,Product SKU Price List,Current price list for all product SKUs (distinguishing active from inactive) and applicable services rate cards.,Current pricing: all SKUs (active/inactive) and services rate cards,Finance,,,,High,Not Started,,,,,,,,Low,Certain,XLSX,,
59,Financial Information,IV.HH,Employee Fringe Benefit Costs,"Schedule of employee fringe benefit costs (e.g., insurance, paid time off, payroll taxes) expressed as a percentage of total compensation, by jurisdiction or employee category.","Fringe benefit cost schedule as % of comp, by jurisdiction or employee category",Accounting,,,,Medium,Not Started,,,,,,,,Medium,Certain,XLSX,,
60,Financial Information,IV.II,Bad Debt & Deferred Commissions,"Historical write-offs and bad debt provisions for accounts receivable and unbilled contract assets, by customer, for the past three fiscal years, and deferred commissions amortization waterfall.",3-year write-offs/bad debt by customer + deferred commissions amortization waterfall,Accounting,,,,Medium,Not Started,,,,,,,,High,Certain,XLSX,,
61,Employment Matters,V.A,Organization Chart,"Organization chart of the Company, including description of reporting relationships.",Current org chart with reporting lines,Finance,,,,Medium,Not Started,,,,,,,,Low,Certain,PDF,,
62,Employment Matters,V.B,Comprehensive Employee Census,"A list of employees including hire date, position title, manager name, department name, work location, status (part time/full time/fixed term), compensation, overtime eligibility, employing legal entity, and details of any employees currently on leave. Compensation details should include salary, bonus, commission and deferred salary pursuant to any plans, and any other forms of compensation paid to each employee in the last full fiscal year and to be paid in the current fiscal year.","Full employee census: name, title, manager, dept, location, status, legal entity, OT eligibility, leave status, plus full comp detail (salary, bonus, commission, deferred, perks) for last and current FY","People, Accounting",,,,High,Not Started,,,,,,,,High,Certain,XLSX,,
63,Employment Matters,V.C,Terminated Employees (Last 12 Months),"List of employees terminated within the past 12 months, a brief description of the circumstances of their termination and a statement as to whether the Company has any reason to believe that such former employee has violated any non-disclosure, non-competition, non-solicitation or similar agreement.","Termination list (12 months): name, date, reason, and NDA/non-compete compliance status",People,,,,High,Not Started,,,,,,,,Medium,Certain,XLSX,,
64,Employment Matters,V.D,PTO/Vacation/Sick Leave Balances,"List of each employee's balance to-date for vacation, sick leave and personal time-off.",Current PTO/vacation/sick balance by employee,Accounting,,,,High,Not Started,,,,,,,,Low,Certain,XLSX,,
65,Employment Matters,V.E,Employment Agreements & Offer Letters,Employment agreements and offer letters for current employees.,All current employee agreements and offer letters (forms + executive agreements),Legal,,,,High,Not Started,https://drive.google.com/drive/folders/13glnsSf6YjExOEY8oTKwNpP9Es6J1zou,https://drive.google.com/drive/folders/1qEKZ63fss-ZVVM3ss8DD7AU3vy5-MD9x,,,,,,Medium,Certain,ZIP of PDFs,,
66,Employment Matters,V.F,Prospective Employee Offer Letters,Offer letters for prospective employees.,"Any outstanding, unsigned offer letters for prospective hires",People,,,,Medium,Not Started,,,,,,,,Low,Likely,PDF,,
67,Employment Matters,V.G,Independent Contractor Agreements,List of all current and former independent contractors and copies of independent contractor agreements.,Contractor list (current + former) with copies of all agreements,"People, Legal",,,,Medium,Not Started,,,,,,,,Medium,Certain,XLSX + ZIP of PDFs,,
68,Employment Matters,V.H,Non-Competition Agreements,Noncompetition agreements between the Company and any employee or consultant.,Confirm no non-standard non-competes exist (P53 confirmed NONE),Legal,,,,Medium,Not Started,,,,,,,,Low,Certain,PDF memo,,
69,Employment Matters,V.I,Severance / Change-of-Control / Stay Bonus,"Agreements providing for: (i) severance benefits, acceleration benefits or other benefits upon termination of employment or in connection with a change in control; or (ii) 'stay bonuses.'","All severance, CoC acceleration, and stay bonus arrangements","People, Legal",,,,High,Not Started,,,,,,,,Medium,Certain,PDF,,
70,Employment Matters,V.J,Visa & Immigration Status,Visa and immigration status for each impacted employee.,"List of employees on work visas: type, expiration, sponsorship status",People,,,,High,Not Started,,,,,,,,Medium,Certain,XLSX,,
71,Employment Matters,V.K,Benefit Plans (Comprehensive),"Employee benefit and profit-sharing plan documents or arrangements related to employees of the Company, including: (i) stock option plans; (ii) stock purchase plans; (iii) deferred compensation plans; (iv) bonus and profit sharing plans; (v) incentive plans; (vi) sales compensation plans; (vii) pension and other retirement plans; (viii) severance plans; (ix) business travel accident, (x) workers' compensation, (xi) dependent care reimbursement plans, (xii) health and welfare plans; and (xiii) similar plans or arrangements.","All benefit plan documents across 13 categories (equity, deferred comp, bonus, pension, health, etc.)","People, Accounting",,,,High,Not Started,https://docs.google.com/spreadsheets/d/1t5WO-VvIUh9refrSwXUZsjpThLgQpG9i8Pt-tYjpOww,,,,,,,Medium,Certain,ZIP of PDFs,,
72,Employment Matters,V.L,Perquisites,Description of perquisites generally available to employees.,"List any employee perks beyond standard benefits (car allowances, housing, etc.)",Finance,,,,Low,Not Started,,,,,,,,Low,Likely,PDF memo,,
73,Employment Matters,V.M,Loans to / Guarantees for Employees,"Loans to, and guarantees for the benefit of employees.",List any employee loans or guarantees (137 Ventures loan to Eoghan already documented),Legal,,,,Medium,Not Started,,,,,,,,Low,Likely,PDF memo,,
74,Employment Matters,V.N,Employee Handbook & Policies,"Employee handbooks, manuals, guidelines and bulletins, benefit policies and any memoranda pertaining to the Company's policies on vacation, termination, promotion, discrimination, sexual harassment and similar matters.",Current employee handbooks (US/IE/UK/AU) and all HR policies,"People, Legal",,,,High,Not Started,,,,,,,,Low,Certain,ZIP of PDFs,,
75,Employment Matters,V.O,Labor Problems / Union Activities,Description of all significant labor problems or union activities. Copies of all collective bargaining agreements.,Confirm no union activity or labor disputes (negative confirmation memo),Legal,,,,Medium,Not Started,,,,,,,,Low,Certain,PDF memo,,
76,Employment Matters,V.P,Employment Disputes/Complaints (5 Years),"Provide description of all disputes, complaints, investigations and other proceedings relating to employment, occupational safety and health of employees during the last [five] years.","5-year log of employment disputes, EEOC complaints, OSHA matters, investigations","People, Legal",false,,,High,Not Started,,,,,,,,Medium,Certain,PDF,,
77,Employment Matters,V.Q,280G Parachute Payment Analysis,"Please provide 280G analysis, if applicable.","280G analysis — prepare comp inputs now, final calc after deal price is set","Tax , Legal , Cooley",false,,,High,Not Started,,,,,,,,High,Certain,XLSX + PDF,Deal price / structure,
78,Employment Matters,V.R,Multi-Year Hiring Plan,"Multi-year hiring plan, including current and projected headcount by department, attrition assumptions, and net new versus backfill roles by geography and function.","Hiring plan: projected headcount by dept, attrition assumptions, net new vs backfill by geo/function","Finance, People",false,,,Medium,Not Started,,,,,,,,Medium,Certain,XLSX,,
79,Employment Matters,V.S,Salary Increase History,"History of salary increases for each employee since hire, or for at least the past 24 months.",Individual salary increase history (at least 24 months),"People, Accounting",false,,,Medium,Not Started,,,,,,,,Medium,Likely,XLSX,,
80,Employment Matters,V.T,Anti-Solicitation / Hiring Policies,"Description of any policies (formal or informal) relating to soliciting or hiring employees from the Company's customers, suppliers, or partners.",Describe any policies restricting hiring from customers/suppliers/partners,Legal,false,,,Low,Not Started,,,,,,,,Low,Likely,PDF memo,,
81,Employment Matters,V.U,Background Check Practices,"Description of the Company's background check practices, including the scope of checks conducted and a list of employees who have completed them.",Background check policy and completion records,People,false,,,Medium,Not Started,,,,,,,,Low,Likely,PDF + XLSX,,
82,Employment Matters,V.V,Historical Employee Attrition Data,"Historical employee attrition data for the past three years, broken down by voluntary versus involuntary, with reason codes or top causes of attrition, including trends relating to regrettable attrition.","3-year attrition data: vol/invol split, reason codes, regrettable attrition trends","People, Finance",false,,,Medium,Not Started,,,,,,,,Medium,Certain,XLSX,,
83,Employment Matters,V.W,Reductions in Force / Furloughs,"Description of any reductions in force, workforce redundancies, or voluntary furlough programs in the past three years, including dates, locations, and number of employees affected.","Document any RIFs/layoffs/furloughs in past 3 years with dates, locations, headcount","People, Legal",false,,,Medium,Not Started,,,,,,,,Low,Certain,PDF,,
84,Employment Matters,V.X,Key Employee Outside Activities,"Description of any outside business activities undertaken by key employees (e.g., consulting, advisory roles, board positions at other companies).","List outside business activities of key employees (board seats, advisory roles, consulting)",Legal,false,,,Low,Not Started,,,,,,,,Low,Likely,PDF,,
85,Employment Matters,V.Y,Recruiting Cost & Training Time,"Estimated average recruiting cost per employee and average time to train a new employee, broken down by major functional department.",Average recruiting cost and training ramp time by department,"People, Finance",false,,,Medium,Not Started,,,,,,,,Medium,Likely,XLSX,,
86,Employment Matters,V.Z,Severance & Equity Performance Conditions,"Plan documents and terms for all redundancy, termination, and severance arrangements, including change of control payment terms. Description of whether any equity awards are subject to performance conditions, including the specific triggering criteria.","All severance/termination plan docs + equity performance condition details (PSU triggers, etc.)",Legal,false,,,High,Not Started,,,,,,,,Medium,Certain,PDF + XLSX,,
87,Employment Matters,V.AA,Comp & Benefits Calendar,"Calendar of compensation and benefits events, including payroll timing, performance reviews, salary increase cycles, bonus payment timing, stock refreshes, and company-specific holidays.","Annual calendar: payroll dates, review cycles, bonus timing, stock refresh, company holidays","People, Accounting",false,,,Medium,Not Started,,,,,,,,Low,Certain,XLSX or PDF,,
88,Employment Matters,V.BB,Accrued PTO Obligations,"Description of the Company's aggregate accrued obligations for accumulated vacation and sick leave, and confirmation of whether such balances are redeemable by employees.",Total accrued PTO liability and whether balances are redeemable/paid out on termination,Accounting,false,,,High,Not Started,,,,,,,,Low,Certain,PDF memo,,
89,Intellectual Property,VI.A,Patent Registrations & Applications,"Schedule of patent registrations and applications, identifying each by title, registration/application number, date, and country.","Patent schedule: title, number, date, country",Legal,false,,,Medium,Not Started,https://drive.google.com/drive/folders/115L2C2-IM9y2DYUUAFsi_S2S0zSRIDjG,,,,,,,Low,Certain,XLSX,,
90,Intellectual Property,VI.B,Trademark & Service Mark Registrations,Schedule of trademark and service mark registrations and applications.,"Trademark schedule: mark, date, number, status, country/state",Legal,false,,,Medium,Not Started,https://drive.google.com/drive/folders/115L2C2-IM9y2DYUUAFsi_S2S0zSRIDjG,,,,,,,Low,Certain,XLSX,,
91,Intellectual Property,VI.C,Copyright Registrations,Schedule of copyright registrations and applications.,"Copyright schedule: title, number, date",Legal,false,,,Medium,Not Started,https://drive.google.com/drive/folders/115L2C2-IM9y2DYUUAFsi_S2S0zSRIDjG,,,,,,,Low,Certain,XLSX,,
92,Intellectual Property,VI.D,Mask Work Registrations,Schedule of mask work registrations and applications.,Mask work schedule — likely N/A for software company,Legal,false,,,Low,Not Started,,,,,,,,Low,Unlikely,PDF memo,,
93,Intellectual Property,VI.E,Trade Secrets & Secrecy Procedures,Schedule of trade secrets. Manual or other written document detailing the procedures for maintaining the secrecy of trade secrets of the Company.,Trade secret inventory and secrecy procedures documentation,"Legal, Engineering",false,,,Medium,Not Started,,,,,,,,Medium,Likely,PDF,,
94,Intellectual Property,VI.F,PIIA / Confidentiality Agreements,"Forms of proprietary information and inventions, confidentiality and non-competition agreements with current and former employees and consultants. Material deviations from forms. Invention disclosures.","PIIA forms, signed copies for key employees, any deviations, and invention disclosures",Legal,false,,,High,Not Started,https://drive.google.com/drive/folders/1wpYm3B2nLA3x8blW571kLteVTWJ-wmgy,https://drive.google.com/drive/folders/1OCtpuU9fk0XQhIyL-GIfKcnKZqw3PXm2,,,,,,Low,Certain,ZIP of PDFs,,
95,Intellectual Property,VI.G,License Agreements,License agreements (naming the Company as licensee or licensor).,All IP license agreements (inbound and outbound),Legal,false,,,Medium,Not Started,,,,,,,,Medium,Certain,ZIP of PDFs,,
96,Intellectual Property,VI.H,Government Grants for IP Development,List of any government grants or funding received by the Company in connection with its development of intellectual property.,List IDA Ireland grants and any other government IP funding,Legal,false,,,Medium,Not Started,,,,,,,,Low,Certain,PDF + XLSX,,
97,Intellectual Property,VI.I,IP Infringement Correspondence,"Communications to or from third parties relating to the validity or infringement of the Company's patents, trade secrets, trademarks, copyrights and other intellectual property rights.",Any IP infringement allegations or correspondence,Legal,false,,,Medium,Not Started,https://drive.google.com/drive/folders/1sKcm4znKDEFUcgrX4haQm2taBr5v-5MA,,,,,,,Low,Certain,PDF,,
98,Intellectual Property,VI.J,IP-Related Agreements (10 sub-categories),"All agreements relating to patents, copyrights, trademarks, trade secrets or other IP or technology, including: (a) acquired/transferred IP; (b) exclusively licensed IP; (c) third-party licensed/embedded IP; (d) outbound IP licenses; (e) affiliate IP transfers; (f) royalty/licensing payments; (g) joint ventures/development; (h) employee IP assignments/NDAs; (i) restricted-use development; (j) outsourcing/maintenance agreements.","Comprehensive IP agreement inventory across 10 categories (acquisitions, licenses in/out, affiliates, royalties, JVs, assignments, outsourcing)",Legal,false,,,High,Not Started,,,,,,,,High,Certain,ZIP of PDFs,,
99,Intellectual Property,VI.K,IP Indemnities,Copies of any indemnities or standard form of indemnity provided by the Company to third parties regarding intellectual property rights.,Standard IP indemnity form and any non-standard indemnities in contracts,Legal,false,,,Medium,Not Started,,,,,,,,Medium,Likely,PDF,,
100,Intellectual Property,VI.L,IP Transfer Agreements,Agreements pursuant to which any intellectual property used in the current or contemplated Business has been sold or transferred by or to the Company and evidence of recording thereof.,Any IP sale/transfer agreements and recording evidence,Legal,false,,,Medium,Not Started,,,,,,,,Low,Certain,PDF,,
101,Intellectual Property,VI.M,AI/ML Product Description & Governance,"Description of any machine learning, artificial intelligence, or other automated decision-making products or features, including training data, model governance, and licensing/ownership issues related to AI-generated outputs.","Describe all AI/ML products (Fin, etc.): training data, model governance, IP ownership of outputs","Engineering, Legal",false,,,High,Not Started,,,,,,,,Medium,Certain,PDF,,
102,Intellectual Property,VI.N,Generative AI Usage in IP Development,"Description of the Company's use of generative AI tools in developing Company IP, including policies for human review and restrictions from AI tool licenses.","Document use of generative AI in product development: tools used, human review policies, license restrictions","Engineering, Legal",false,,,High,Not Started,,,,,,,,Medium,Certain,PDF,,
103,Intellectual Property,VI.O,AI/ML Governance & Oversight Structure,"Description of the governance and oversight structure for AI/ML products, including responsibility for managing products, trustworthiness, and data governance.","AI/ML governance structure: who owns AI products, trustworthiness standards, data governance",Engineering,false,,,Medium,Not Started,,,,,,,,Medium,Certain,PDF,,
104,Intellectual Property,VI.P,AI/ML Training Data Sources,"Description of the sources of data used to train AI/ML models, including whether customer data trains models benefiting other customers, contractual protections, and consents.","Training data inventory: sources, customer data usage/isolation, contractual protections, consents","Engineering, Legal",false,,,High,Not Started,,,,,,,,Medium,Certain,PDF,,
105,Intellectual Property,VI.Q,Web Scraping / Automated Data Collection for AI,"Description of any use of web scraping or other automated data collection methods in connection with the Company's AI/ML products, and the legal basis for such collection.",Document any web scraping or automated data collection for AI/ML and legal basis,"Engineering, Legal",false,,,Medium,Not Started,,,,,,,,Low,Likely,PDF,,
106,Intellectual Property,VI.R,Open-Source AI/ML Models,"Description of any open or open-source AI/ML models used by the Company, including applicable license terms and any restrictions on commercial use.","List open-source AI/ML models used, license terms, and commercial use restrictions",Engineering,false,,,Medium,Not Started,,,,,,,,Medium,Certain,XLSX,,
107,Intellectual Property,VI.S,AI/ML IP Indemnities & Claims,"Description of IP indemnities provided to customers in connection with AI/ML products, including any claims made or defended.",AI/ML-specific IP indemnity terms and any claims history,Legal,false,,,High,Not Started,,,,,,,,Medium,Certain,PDF,,
108,Intellectual Property,VI.T,AI Confidentiality & Data Rights Tracking,Description of policies governing disclosure of confidential information to third-party AI services and the Company's data rights-tracking system for AI/ML data.,Policies for confidential data in third-party AI tools and data rights tracking,"Legal, Engineering",false,,,Medium,Not Started,,,,,,,,Medium,Likely,PDF,,
109,Intellectual Property,VI.U,"AI/ML Feedback, Complaints & Criticisms","Description of mechanisms to receive/address feedback about AI/ML products and summary of claims, complaints, regulatory inquiries, or published criticisms.","AI/ML feedback channels and log of any complaints, regulatory inquiries, or public criticisms","Legal, Engineering",false,,,Medium,Not Started,,,,,,,,Medium,Likely,PDF,,
110,Intellectual Property,VI.V,AI-Assisted Copyright Disclosures,"Where registered copyrights exist in AI-assisted works, description of disclosures to U.S. Copyright Office re AI involvement.",Any AI-related disclosures made to Copyright Office for registered works,Legal,false,,,Low,Not Started,,,,,,,,Low,Unlikely,PDF memo,,
111,Intellectual Property,VI.W,Social Media Accounts,List of all social media account names or handles used by the Company in connection with its business.,"List all company social media handles (Twitter/X, LinkedIn, etc.)",Comms,false,,,Low,Not Started,,,,,,,,Low,Certain,XLSX,,
112,Software / IT Systems,VII.A,Material IT/Software Systems Inventory,List of all material IT/software systems used by the Company.,"Inventory of all material IT systems with vendor, cost, contract end date","Engineering, IT",false,,,High,Not Started,,,,,,,,Medium,Certain,XLSX,,
113,Software / IT Systems,VII.B,Proprietary/Customized Software,List of all proprietary or customized software used by the Company.,List proprietary and customized software,Engineering,false,,,Medium,Not Started,,,,,,,,Medium,Likely,XLSX,,
114,Software / IT Systems,VII.C,IT Outsourcing Arrangements,List of all outsourcing arrangements relating to IT or other systems and copies of contracts.,IT outsourcing list including Boldr (CS BPO) with contracts,"IT, Procurement",false,,,Medium,Not Started,,,,,,,,Low,Likely,XLSX + PDF,,
115,Software / IT Systems,VII.D,Hosting Arrangements,List of all hosting and similar arrangements and copies of contracts.,"Document hosting infrastructure (AWS primary): architecture, regions, spend, contracts","Engineering, Procurement",false,,,High,Not Started,,,,,,,,Low,Certain,PDF memo,,
116,Software / IT Systems,VII.E,SaaS/Cloud Computing Agreements,"Describe the Company's use of SaaS, ASP or cloud computing and provide copies of agreements.",Material SaaS vendor contracts and cloud computing agreements,"IT, Procurement",false,,,Medium,Not Started,,,,,,,,Medium,Certain,XLSX + ZIP,,
117,Software / IT Systems,VII.F,Development Tools & Third-Party Technology,"List of software development tools, platforms, APIs or other third party technology used in development, use or maintenance of the Company's products.","Dev tools, platforms, and third-party tech used in product development",Engineering,false,,,Medium,Not Started,,,,,,,,Low,Likely,XLSX,,
118,Software / IT Systems,VII.G,Open Source Software Inventory,List all open source software used or embedded in the Company's products and services.,"Full OSS inventory: component, version, license, modifications, distribution method, source URL",Engineering,false,,,High,Not Started,https://docs.google.com/document/d/1Y7uBce2M2jngpqCISAXdKwVrP1ySm4MVEolGwxGUvn8,https://docs.google.com/spreadsheets/d/1IoYBMYEAPSekC7WCt71lDkUDRKkImDTqMFeXzmWaGMs,,,,,,Low,Certain,XLSX,,
119,Software / IT Systems,VII.H,Source Code Escrow / Disclosure,"Copies of all agreements obligating the Company to provide source code to a third party, with confirmation on any actual disclosures.",Source code escrow agreements and any actual disclosures,Legal,false,,,Medium,Not Started,,,,,,,,Low,Certain,PDF,,
120,Software / IT Systems,VII.I,Standards Body Memberships,"List all industry standards bodies the Company is now or was a member/promoter of, or contributor to.","Confirm any W3C, IETF, etc. memberships — likely minimal",Engineering,false,,,Low,Not Started,,,,,,,,Low,Unlikely,PDF memo,,
121,Software / IT Systems,VII.J,Technical Architecture & Infrastructure Diagrams,"Technical architecture and infrastructure diagrams, including data center configurations, logical network diagrams, customer data flow diagrams, and load balancing and high availability configurations.","Architecture diagrams: data centers, network, data flow, HA/load balancing",Engineering,false,,,High,Not Started,,,,,,,,Medium,Certain,PDF / Diagrams,,
122,Software / IT Systems,VII.K,API Specifications & Data Overview,"Key API technical specifications and documentation, and an overview of the size and nature of data under management.","API specs/docs and overview of data under management (schemas, volumes)",Engineering,false,,,Medium,Not Started,,,,,,,,Medium,Certain,PDF,,
123,Software / IT Systems,VII.L,Production Systems & R&D Tools Inventory,"Inventory of all production systems, development and production environments, and R&D tools used in the SDLC.","Full inventory: prod systems, dev/prod environments, and SDLC tools (repos, CI/CD, QA, security scanning, monitoring)",Engineering,false,,,Medium,Not Started,,,,,,,,Medium,Certain,XLSX,,
124,Software / IT Systems,VII.M,Product Planning Docs & Roadmap,"Examples of product planning and requirements documentation (PRDs/BRDs), and the high-level product roadmap, including contractual commitments to customers regarding future features.","Sample PRDs/BRDs, product roadmap, and any contractual feature commitments to customers",Engineering,false,,,Medium,Not Started,,,,,,,,Medium,Certain,PDF + XLSX,,
125,Software / IT Systems,VII.N,Change/Incident/Storage/Failover Policies,"Policy and process documentation governing change management, incident management, data storage, and failover processes.","Change management, incident management, data storage, and failover policy docs + bug triage process",Engineering,false,,,Medium,Not Started,,,,,,,,Medium,Certain,PDF,,
126,Software / IT Systems,VII.O,Product Usage & Adoption Metrics,"Key product usage and adoption metrics, including MAU, feature usage and attach rates, and third-party integrations.","MAU by persona, feature usage/attach rates, and list of common customer integrations","Engineering, Finance",false,,,High,Not Started,,,,,,,,Medium,Certain,XLSX,,
127,Software / IT Systems,VII.P,Client Endpoint & Device Inventory,"Inventory of all client endpoints assigned to employees, mobile device policy, and all applications for core business functions.","Employee device inventory (laptops, mobile), BYOD/corp policy, and core business app list",IT,false,,,Medium,Not Started,,,,,,,,Low,Likely,XLSX,,
128,Software / IT Systems,VII.Q,Cloud Environments & Identity/SSO,"Description of cloud environments for corporate/operational purposes, including access/auth methods and identity/SSO services.","Cloud environment overview with access controls, auth methods, and SSO/identity services","IT, Engineering",false,,,Medium,Not Started,,,,,,,,Medium,Certain,PDF,,
129,Software / IT Systems,VII.R,Network & Data Center Overview,Overview of standard network technology in offices and description of data centers (owned or third-party managed).,Office network overview (WAN/LAN/VPN) and data center descriptions,"IT, Engineering",false,,,Medium,Not Started,,,,,,,,Low,Likely,PDF,,
130,Privacy & Information Security,VIII.A,Privacy/Security Responsible Individuals,Identify the individual(s) by name and title who are responsible for (i) privacy compliance and (ii) information security.,"Names + titles of DPO, CISO, privacy counsel","Legal, Security Team",false,,,Medium,Not Started,,,,,,,,Low,Certain,PDF memo,,
131,Privacy & Information Security,VIII.B,Countries of Operation,In which countries does the Company operate or market/offer its products and services?,List all countries where Intercom operates or sells,Legal,false,,,Medium,Not Started,,,,,,,,Low,Certain,XLSX,,
132,Privacy & Information Security,VIII.C,Revenue by Country,Please provide a percentage breakdown of business revenue by country.,Revenue breakdown by country (% of total),Finance,false,,,Medium,Not Started,,,,,,,,Low,Certain,XLSX,,
133,Privacy & Information Security,VIII.D,Data Categories by Individual Type,Describe each category of individuals about whom the Company processes personal data.,"Data mapping: what data, for whom (employees, customers, end-users, prospects), by what means","Legal, Security Team",false,,,High,Not Started,,,,,,,,Medium,Certain,PDF or XLSX,,
134,Privacy & Information Security,VIII.E,Sensitive/Special Data Categories,"For each category of individuals listed above, identify the types of personal data processed including any sensitive information.","Flag any SSNs, financial, biometric, health, genetic, geolocation, children's data","Legal, Security Team",false,,,High,Not Started,,,,,,,,Medium,Certain,PDF or XLSX,,
135,Privacy & Information Security,VIII.F,Number of Data Subjects by Country,"Identify the approximate number of unique individuals as to whom the Company processes personal data on an annual basis, and by country.","Count unique data subjects processed annually, broken down by country","Engineering, Security Team",false,,,Medium,Not Started,,,,,,,,Medium,Certain,XLSX,,
136,Privacy & Information Security,VIII.G,Data Retention Policies,How long does the Company retain personal data?,Data retention policy document,Security Team,false,,,Medium,Not Started,,,,,,,,Low,Certain,PDF,,
137,Privacy & Information Security,VIII.H,Third-Party Data Sharing,Does the Company disclose personal data to any third party other than its pure service providers/processors?,"List sub-processors, data recipients, purposes, types of data shared","Legal, Security Team",false,,,High,Not Started,,,,,,,,Medium,Certain,XLSX + PDF,,
138,Privacy & Information Security,VIII.I,Data Sources,Describe the sources from which the Company obtains personal data.,"Data sources: direct collection, customers, internet, brokers, lead generators, partners",Security Team,false,,,Medium,Not Started,,,,,,,,Medium,Likely,PDF,,
139,Privacy & Information Security,VIII.J,Session Replay / Tracking Technologies,"Does the Company utilize session replay technologies, third-party chatbots, or advertising tracking technologies?","List cookies, analytics, session replay, chatbots, ad tracking tools and purposes","Engineering, Marketing",false,,,Medium,Not Started,,,,,,,,Low,Likely,PDF memo,,
140,Privacy & Information Security,VIII.K,Applicable Privacy Laws & Compliance,"Identify the privacy and information security laws and industry standards the Company believes apply to it, and what steps taken to comply.","List applicable laws (GDPR, CCPA, PIPEDA, AI Act, etc.) and compliance measures","Legal, Security Team",false,,,High,Not Started,,,,,,,,Medium,Certain,PDF,,
141,Privacy & Information Security,VIII.L,Standard DPA / Privacy Provisions,Provide a copy of the Company's standard privacy or security-related contractual provisions.,"DPA template, MSA privacy provisions, info security schedules",Legal,false,,,Medium,Not Started,,,,,,,,Low,Certain,PDF,,
142,Privacy & Information Security,VIII.M,InfoSec Program Description,"Describe the Company's information security program and provide copies of documented policies, procedures and standards.","InfoSec program narrative: training, phishing tests, tabletop exercises, bug bounty, disaster recovery, incident response, vendor management, change control policies",Security Team,false,,,High,Not Started,,,,,,,,Medium,Certain,PDF + ZIP,,
143,Privacy & Information Security,VIII.N,Security Assessments / Pen Tests / Certs (3yr),"Provide copies of all security assessments, vulnerability scans, penetration tests, audits, certifications conducted in the past three years.","SOC 2, pen test reports, ISO/NIST/PCI certifications for last 3 years",Security Team,false,,,High,Not Started,,,,,,,,Medium,Certain,ZIP of PDFs,,
144,Privacy & Information Security,VIII.O,Unremediated Vulnerabilities,"To the extent any documentation includes unremediated security vulnerabilities, describe how addressed and timing for remediation.",Current vulnerability summary with remediation status and timelines,Security Team,false,,,High,Not Started,,,,,,,,Medium,Certain,PDF or XLSX,,
145,Privacy & Information Security,VIII.P,Security Incident History,"List and describe all actual, reasonably suspected or alleged security incidents.","3-year incident log: data breaches, cyber-attacks, ransomware, account compromise, extortion","Legal, Security Team",false,,,High,Not Started,,,,,,,,Medium,Certain,PDF,,
146,Privacy & Information Security,VIII.Q,Regulatory Complaints (Privacy),"Has the Company received any complaints, demands, claims, regulatory inquiries related to privacy or information security?","Confirm none or list any privacy/security regulatory complaints, demands, or investigations",Legal,false,,,Medium,Not Started,,,,,,,,Low,Certain,PDF memo,,
147,Privacy & Information Security,VIII.R,Cyber Insurance Policy,Provide a copy of the Company's cyber-insurance policy and any claims.,Cyber insurance policy and claims history,"Finance, Legal",false,,,Medium,Not Started,,,,,,,,Low,Certain,PDF,Insurance broker,
148,Privacy & Information Security,VIII.S,Data Breach History (10 Years),"Has the company experienced any data breaches, cybersecurity incident, or unauthorized access into its IT systems during the past ten years?",10-year data breach/cybersecurity incident history,"Legal, Security Team",false,,,High,Not Started,,,,,,,,Medium,Certain,PDF,,
149,Privacy & Information Security,VIII.T,Breach Detection Systems & Processes,"What systems and processes does the company have in place to detect data breaches, cybersecurity incidents, and/or unauthorized access?","Describe breach detection systems, SIEM, monitoring, alerting capabilities",Security Team,false,,,Medium,Not Started,,,,,,,,Medium,Certain,PDF,,
150,Privacy & Information Security,VIII.U,Non-Compliance Instances,Identify any instances of noncompliance with privacy/security laws or contractual obligations.,Confirm none or document any non-compliance instances,"Legal, Security Team",false,,,Medium,Not Started,,,,,,,,Low,Likely,PDF memo,,
151,Privacy & Information Security,VIII.V,Call Recording / Email Marketing Compliance,"Does the Company engage in call recording, email marketing, text messaging, telemarketing, or auto-dialed/AI calls?","TCPA, CAN-SPAM, ePrivacy compliance confirmation",GTM Ops,false,,,Low,Not Started,,,,,,,,Low,Likely,PDF memo,,
152,Privacy & Information Security,VIII.W,Sanctioned Country Arrangements,Does the Company enter into contracts with third parties located in or associated with sanctioned countries?,OFAC compliance confirmation — sanctioned country arrangements,Legal,false,,,Medium,Not Started,,,,,,,,Low,Likely,PDF memo,,
153,Privacy & Information Security,VIII.X,Comprehensive Data Inventory & Mapping,"Comprehensive data inventory and mapping for all data processed by the Company, including type, purpose, source, legal basis, retention, geographic location, access controls, third-party sharing, and controller vs processor distinction.","Full data inventory: type, purpose, source, legal basis, retention, location, access controls, sharing, controller/processor role","Legal, Security Team",false,,,High,Not Started,,,,,,,,High,Certain,XLSX + PDF,,
154,Privacy & Information Security,VIII.Y,Service Provider & Sub-Processor List,"List of all service providers, sub-processors, and other third parties that access Company data, including which support which products/services.",Complete sub-processor/service provider list mapped to products/services they support,"Legal, Security Team",false,,,High,Not Started,,,,,,,,Medium,Certain,XLSX,,
155,Privacy & Information Security,VIII.Z,"PIAs, ROPAs & Cross-Border Transfer Docs","Copies of all privacy impact assessments, ROPAs, data retention schedules, and cross-border transfer mechanism documentation (SCCs, BCRs, DPF certifications).","PIAs, Records of Processing Activities, retention schedules, SCCs/BCRs/DPF documentation","Legal, Security Team",false,,,High,Not Started,,,,,,,,High,Certain,ZIP of PDFs,,
156,Privacy & Information Security,VIII.AA,Physical Security Incidents,Description of any physical security incidents at Company premises that may have resulted in data compromise.,Any physical break-ins or thefts that may have compromised data processing equipment,Security Team,false,,,Medium,Not Started,,,,,,,,Low,Likely,PDF memo,,
157,Privacy & Information Security,VIII.BB,FedRAMP & Government Data Hosting,"Confirmation of FedRAMP status and description of government data hosting, applicable security standards, and related audits.",Confirm FedRAMP status (likely N/A) and any government data hosting arrangements,Security Team,false,,,Low,Not Started,,,,,,,,Low,Unlikely,PDF memo,,
158,Agreements & Commitments,IX.A,Bank Lines of Credit,"Bank lines of credit agreements, including any amendments, renewal letters, notices, etc. and other outstanding loan agreements or guarantees.","All bank credit agreements, amendments, and loan guarantees",Legal,false,,,High,Not Started,https://drive.google.com/drive/folders/1ErgD1sgL9PHP2fEeOMdOL6rU92tmrmxK,https://drive.google.com/drive/folders/1JYza7j76b-tPe1iVr2shoGbhzpLjdBpD,,,,,,Low,Certain,ZIP of PDFs,,
159,Agreements & Commitments,IX.B,"Debt Securities, Liens & Security Agreements","All debt securities or instruments, notes, guarantees and loan or credit agreements, and all mortgages, liens, pledges, indemnifications, security agreements, UCC or other financing statements.","All debt instruments, security agreements, UCC filings, liens, and guarantees",Legal,false,,,High,Not Started,https://drive.google.com/drive/folders/1RPVVuY9gi9Sl4U9Yg3wZt4ZnuzSOXlLM,https://drive.google.com/drive/folders/1HeeiijSjHCp2eiopZAsCVug9xzARhAL-,https://drive.google.com/drive/folders/1NLSxPbkhOWIROkyKgNJnc3KjM1rU_-Gz,,,,,Low,Certain,ZIP of PDFs,,
160,Agreements & Commitments,IX.C,D&O / Indemnification Insurance,"All agreements or insurance policies insuring or providing for indemnification of any director, officer or employee.",D&O insurance policy and any indemnification agreements,Legal,false,,,High,Not Started,,,,,,,,Low,Certain,PDF,,
161,Agreements & Commitments,IX.D,Related Party Transactions,"All agreements currently in force and a description of all transactions within the last three years between the Company and persons who were or are directors, officers, or >5% owners.","3-year schedule of related party transactions (directors, officers, 5%+ holders)",Legal,false,,,High,Not Started,https://drive.google.com/drive/folders/1qEKZ63fss-ZVVM3ss8DD7AU3vy5-MD9x,,,,,,,Medium,Certain,PDF + XLSX,,
162,Agreements & Commitments,IX.E,Charitable Contributions,All charitable contributions made by the Company to organizations in which directors also serve as directors.,List charitable contributions cross-referenced with board director affiliations,Accounting,false,,,Low,Not Started,,,,,,,,Low,Likely,XLSX,,
163,Agreements & Commitments,IX.F,Standard Customer Agreements,Standard form of customer agreements and actual customer agreements with any/all customers.,Standard customer terms (ToS) and top customer agreements,Legal,false,,,High,Not Started,,,,,,,,Low,Certain,PDF + ZIP,,
164,Agreements & Commitments,IX.G,Internal Negotiation Playbooks,"Standard form templates and internal negotiation playbooks used in dealings with customers, distributors, service providers, and suppliers.",Internal negotiation playbooks and standard form templates for customer/vendor deals,Legal,false,,,Medium,Not Started,,,,,,,,Medium,Likely,PDF,,
165,Agreements & Commitments,IX.H,Non-Standard Customer Agreements,"Agreements relating to any non-standard customer agreements, support terms or other obligations.",All customer agreements with non-standard terms,Legal,false,,,Medium,Not Started,,,,,,,,Medium,Certain,ZIP of PDFs,,
166,Agreements & Commitments,IX.I,Partnerships / JVs,"Joint venture, partnership or similar agreements.",Partnership/JV agreements (Intercom GP Partnership Agreement),Legal,false,,,Medium,Not Started,https://drive.google.com/drive/folders/1ePnmIdpSCe4Hdo709II3rS-rwryN2XHu,,,,,,,Low,Certain,PDF,,
167,Agreements & Commitments,IX.J,Service Provider Agreements,"Maintenance and service agreements, including agreements with advertising agencies, investment bankers, attorneys, consultants, brokers and other service providers.","All material service provider contracts (advisors, consultants, bankers, etc.)",Legal,false,,,Medium,Not Started,https://drive.google.com/drive/folders/1W4NYXFn_gREUoi0P7h3I1Oz5KTpaF22p,https://docs.google.com/spreadsheets/d/1R6zgsqEdJsSX70YjyX8E18rwShDxZWbJ,,,,,,Medium,Certain,ZIP of PDFs,,
168,Agreements & Commitments,IX.K,Supplier Agreements & Material Suppliers,Supplier agreements. List of material suppliers (indicating sole/single sources).,Material supplier contracts and list identifying sole/single source suppliers,Legal,false,,,Medium,Not Started,,,,,,,,Low,Certain,XLSX + PDF,,
169,Agreements & Commitments,IX.L,Distribution / Reseller Agreements (Inbound),"Agreements in which the Company has been appointed as a partner, OEM, VAR, reseller, or distributor by a third party, including associated spend and revenue.","Agreements where Intercom is appointed as partner/reseller, with spend and revenue data",Legal,false,,,Medium,Not Started,,,,,,,,Medium,Likely,XLSX + PDF,,
170,Agreements & Commitments,IX.M,Distribution / Reseller Agreements (Outbound),"Agreements in which the Company has appointed another party as a partner, OEM, VAR, reseller, or distributor, including associated revenues.","Agreements where Intercom appoints third parties as resellers/distributors, with revenue data",Legal,false,,,Medium,Not Started,,,,,,,,Medium,Likely,XLSX + PDF,,
171,Agreements & Commitments,IX.N,NDA List,List of confidentiality and nondisclosure agreements.,NDA inventory,Legal,false,,,Medium,Not Started,https://drive.google.com/drive/folders/1xSIwdBN69veCfuRnmngVZoYmYKTyMdii,https://drive.google.com/drive/folders/1uz4smicxZfCkwqwa3A1t6rekq3CBSt23,,,,,,Low,Certain,XLSX,,
172,Agreements & Commitments,IX.O,Competitor Agreements,Agreements with competitors of the Company.,Any agreements with competitors,Legal,false,,,Medium,Not Started,,,,,,,,Low,Likely,PDF,,
173,Agreements & Commitments,IX.P,Product Warranties & Claims,Product warranties. Description of product warranty claims history during the last three years.,Product warranty terms and 3-year claims history,Legal,false,,,Medium,Not Started,,,,,,,,Medium,Likely,PDF + XLSX,,
174,Agreements & Commitments,IX.Q,Non-Compete / Restrictive Covenants on Company,"Agreements restricting the Company's right to compete, acquire, sell, develop, distribute, or solicit.",Confirm no restrictive covenants on the Company (P53 confirmed NONE),Legal,false,,,Medium,Not Started,,,,,,,,Low,Certain,PDF memo,,
175,Agreements & Commitments,IX.R,Other Material Agreements / Breach Correspondence,Other agreements material to the Company or entered outside ordinary course. Correspondence relating to actual or alleged breaches.,Material non-ordinary-course agreements and any breach correspondence,Legal,false,,,Medium,Not Started,,,,,,,,Medium,Certain,PDF,,
176,Agreements & Commitments,IX.S,Government Contracts & ITAR Agreements,"All agreements between the Company and any governmental body or agency, or any government-owned or state-owned enterprise, including agreements requiring ITAR compliance.","Government contracts, agreements with state-owned enterprises, ITAR-related arrangements",Legal,false,,,Medium,Not Started,,,,,,,,Medium,Likely,PDF,,
177,Agreements & Commitments,IX.T,"Government Grants, GWACs, CRADAs & OTAs","All government contracts, grants, cooperative agreements, and related arrangements (GWACs, CRADAs, OTAs), including pending bids, performance reports (CPARs), and small business certifications.","Government grants/contracts (including IDA grants), pending bids, CPARs, and certifications",Legal,false,,,Medium,Not Started,,,,,,,,Medium,Likely,PDF + XLSX,,
178,Litigation & Insurance,X.A,Pending/Settled Litigation,"List and brief description of litigation, claims and proceedings, and whether pending, settled or concluded.","Litigation log: all claims, status (pending/settled/concluded)",Legal,false,,,High,Not Started,https://drive.google.com/drive/folders/0AClyGu1Q11w_Uk9PVA,,,,,,,Low,Certain,XLSX,,
179,Litigation & Insurance,X.B,Threatened Litigation,"List and brief description of litigation, claims and proceedings that are threatened or pending.",Threatened claims and proceedings against the Company or employees,Legal,false,,,High,Not Started,https://drive.google.com/drive/folders/0AClyGu1Q11w_Uk9PVA,,,,,,,Low,Certain,XLSX,,
180,Litigation & Insurance,X.C,"Consent Decrees, Injunctions, Settlements","Consent decrees, injunctions, judgments, other decrees or orders, settlement agreements.","All consent decrees, injunctions, judgments, and settlement agreements",Legal,false,,,High,Not Started,,,,,,,,Low,Certain,PDF,,
181,Litigation & Insurance,X.D,Attorneys' Letters to Auditors,Attorneys' letters to auditors within the last five fiscal years and current fiscal year to date.,5 years of attorneys' letters to auditors,Legal,false,,,Medium,Not Started,,,,,,,,Low,Certain,PDF,,
182,Litigation & Insurance,X.E,Litigation Correspondence & Pleadings,Correspondence and pleadings regarding the foregoing matters.,All correspondence and pleadings for litigation matters,Legal,false,,,Medium,Not Started,,,,,,,,Medium,Certain,ZIP of PDFs,,
183,Litigation & Insurance,X.F,Insurance Policies (All Material),"All material insurance arrangements including copies of all current insurance policies (property, liability, product liability, D&O, cyber, key employee) and description of pending claims or exposures.","All current insurance policies (property, liability, D&O, cyber, key employee) with pending claims/exposures","Finance, Legal",false,,,High,Not Started,,,,,,,,Medium,Certain,ZIP of PDFs,,
184,Litigation & Insurance,X.G,Insurance Claims History,List and brief description of potential claims or lawsuits for which the Company has provided notice to any insurer or sought coverage.,"Insurance claims filed: description, insurer, status","Accounting, Legal",false,,,Medium,Not Started,,,,,,,,Low,Certain,XLSX,Insurance broker,
185,Litigation & Insurance,X.H,Self-Insurance Programs,"Describe self-insurance programs, retrospective premium programs or captive insurance programs.",Confirm no self-insurance programs (likely N/A),Accounting,false,,,Low,Not Started,,,,,,,,Low,Likely,PDF memo,,
186,Litigation & Insurance,X.I,Product Recalls / Quality Issues / Liability Claims,"Description of any product recalls, material product quality issues, or pending/threatened product warranty or product liability claims in the past five years.","5-year history of product recalls, quality issues, and warranty/liability claims",Legal,false,,,Medium,Not Started,,,,,,,,Medium,Likely,PDF,,
187,Compliance & Government,XI.A,Government Citations/Notices (5 Years),"Citations, notices or inquiries received from government agencies within the last five years.",Compile government citations/notices/inquiries or confirm none,Legal,false,,,Medium,Not Started,,,,,,,,Low,Certain,PDF memo,,
188,Compliance & Government,XI.B,Reports to Government Agencies,All material reports to and correspondence with any governmental entity.,"Required government filings beyond tax (EEO-1, OSHA, etc.)",Legal,false,,,Medium,Not Started,,,,,,,,Low,Likely,PDF,,
189,Compliance & Government,XI.C,Regulatory Compliance Cost Estimates,Estimation and report on the burdens and costs of regulatory compliance.,"Estimate annual compliance spend (legal, security, privacy)",Legal,false,,,Medium,Not Started,,,,,,,,Medium,Likely,PDF or XLSX,,
190,Compliance & Government,XI.D,Government Permits/Licenses,"All material governmental approvals, permits, licenses presently in force, including those canceled or terminated.",All government permits and licenses (Perfection Certificate covers some),Legal,false,,,Medium,Not Started,,,,,,,,Low,Likely,PDF,,
191,Compliance & Government,XI.E,Pending/Threatened Investigations,Any pending or threatened investigations and governmental proceedings.,Confirm none or describe any pending government investigations,Legal,false,,,Medium,Not Started,,,,,,,,Low,Certain,PDF memo,,
192,Compliance & Government,XI.F,Government Correspondence,Material reports to and correspondence with any government agency.,Any material government correspondence beyond what's covered above,Legal,false,,,Low,Not Started,,,,,,,,Low,Likely,PDF,,
193,Compliance & Government,XI.G,Code of Conduct & Ethics/Compliance Policies,"Copy of the Company's code of conduct and all ethics, compliance, and anti-corruption policies including conflict of interest, whistleblower, and gifts/entertainment policies.","Code of conduct, ethics policy, anti-corruption policy, conflict of interest, whistleblower, gifts/entertainment",Legal,false,,,High,Not Started,,,,,,,,Medium,Certain,ZIP of PDFs,,
194,Compliance & Government,XI.H,Compliance Program Assessments & Audits,"Copies of all internal and external compliance program assessments and audits, including whistleblower reports (past 5 years), compliance training descriptions, and third-party diligence programs.","Compliance assessments/audits, whistleblower reports (5yr), training programs, and third-party diligence",Legal,false,,,Medium,Not Started,,,,,,,,Medium,Certain,ZIP of PDFs,,
195,Compliance & Government,XI.I,Escalated Compliance/Risk Issues (5 Years),"Accounting, internal controls, compliance, or risk management issues escalated to senior management or identified by internal audit in the last five years, and internal disciplinary actions/investigations.","5-year log of escalated compliance issues, internal audit findings, and disciplinary actions re officers/directors/employees",Legal,false,,,High,Not Started,,,,,,,,Medium,Certain,PDF,,
196,Compliance & Government,XI.J,FCPA / Anti-Corruption Compliance,"Documentation relating to compliance with FCPA, UK Bribery Act, or other anti-corruption laws, including voluntary self-disclosures.","FCPA/Bribery Act compliance docs, training materials, and any voluntary self-disclosures",Legal,false,,,High,Not Started,,,,,,,,Medium,Certain,PDF,,
197,Compliance & Government,XI.K,Government Official Interactions Policy,Description of policies/practices relating to interactions with government officials.,"Policies on gifts/travel/entertainment for govt officials, govt employees, SOE business, non-US political donations",Legal,false,,,Medium,Not Started,,,,,,,,Medium,Likely,PDF,,
198,Compliance & Government,XI.L,Facility & Individual Security Clearances,"Confirmation of facility security clearances, individual security clearances, and related security review documentation.",Confirm facility/individual security clearance status (likely N/A for SaaS),Legal,false,,,Low,Not Started,,,,,,,,Low,Unlikely,PDF memo,,
199,"Product, Sales & Support",XII.A,Product List & Roadmap,Provide a list of current and former products and product map/future release schedule.,"Product list with descriptions, target markets, version timeline",Engineering,false,,,High,Not Started,,,,,,,,Low,Certain,PDF,,
200,"Product, Sales & Support",XII.B,Customer Support Description,List and description of how customers have been supported thus far.,Description of customer support channels and methods,Support,false,,,Medium,Not Started,,,,,,,,Low,Certain,PDF,,
201,"Product, Sales & Support",XII.C,Support/Service Policies & Liabilities,Provide description and/or copy of customer support and service policies and liabilities.,Customer support/service policies including SLA terms and liabilities,"Support, Legal",false,,,Medium,Not Started,,,,,,,,Medium,Certain,PDF,,
202,"Product, Sales & Support",XII.D,"Sales Forms, Price Lists, Catalogs","Copies of all standard Company sales forms or literature, including price lists, catalogs, purchase orders.","Sales collateral, price lists, order forms",Finance,false,,,Medium,Not Started,,,,,,,,Low,Certain,PDF + XLSX,,
203,"Product, Sales & Support",XII.E,Support & Customer Care Org Structure,"Provide a description of the support and customer care organization structure and operations, including personnel breakdown by function.",Support org chart with headcount by function,Support,false,,,Medium,Not Started,,,,,,,,Low,Certain,PDF,,
204,"Product, Sales & Support",XII.F,Complete Customer List with ARR,"Complete customer list with contract start/end dates, renewal dates, and historical/current ARR by product.","Full customer list: contract dates, renewal dates, and ARR by product (historical and current)",Finance,false,,,High,Not Started,,,,,,,,High,Certain,XLSX,,
205,"Product, Sales & Support",XII.G,GTM Model & Sales Process Overview,"Overview of go-to-market model, routes to market, sales org structure, end-to-end sales process, comp plans by role, and average AE ramp time.","GTM overview: routes to market, sales org, lead-to-close process, comp plans, AE ramp time",Finance,false,,,High,Not Started,,,,,,,,Medium,Certain,PDF + XLSX,,
206,"Product, Sales & Support",XII.H,"Bookings, ARR & Pipeline Metrics","Historical and current bookings, ARR, and new logo data by quarter/product/region for past 3 years, with pipeline, funnel, velocity metrics, and deal size/sales cycle data.","3-year bookings/ARR/new logos by quarter, product, region + current pipeline metrics, deal size, sales cycle",Finance,false,,,High,Not Started,,,,,,,,High,Certain,XLSX,,
207,"Product, Sales & Support",XII.I,Partner & Alliance Programs,"Overview of partner and alliance programs, including partner-sourced/influenced revenue and partner pipeline.","Partner program overview: structure, partner-sourced vs influenced revenue %, and partner pipeline",Finance,false,,,Medium,Not Started,,,,,,,,Medium,Likely,PDF + XLSX,,
208,"Product, Sales & Support",XII.J,Marketing Overview & Performance,"Overview of marketing functions, positioning/messaging, martech stack, demand gen metrics/ROI, lifecycle funnel conversions, and cookie/tracking/email consent practices.","Marketing overview: positioning, tech stack, demand gen channel breakdown, ROI, funnel conversion rates, consent practices",Marketing,false,,,Medium,Not Started,,,,,,,,Medium,Likely,PDF + XLSX,,
209,"Product, Sales & Support",XII.K,Support Operations Reports (24 Months),"Support operations reports for past 24 months including ticket volumes, avg time to close, SLA compliance, escalation rates, and CSAT scores.","24-month support metrics: ticket volume, resolution time, SLA compliance, escalation rates, CSAT",Support,false,,,Medium,Not Started,,,,,,,,Medium,Certain,XLSX,,
210,"Product, Sales & Support",XII.L,Professional Services Reports (8 Quarters),Professional services operational reports for past 8 quarters.,"8-quarter PS data: bookings, revenue, headcount, costs, margin, utilization, attach rates by product",Finance,false,,,Medium,Not Started,,,,,,,,Medium,Likely,XLSX,,
211,"Product, Sales & Support",XII.M,Customer Success Metrics,"Customer success coverage ratios, success metrics (login rates, adoption, churn, ARR growth, CSAT/NPS), and at-risk account data.","CS coverage ratios, success metrics (adoption, churn, NPS), and at-risk account list",Finance,false,,,High,Not Started,,,,,,,,Medium,Certain,XLSX,,
212,"Product, Sales & Support",XII.N,Renewals Performance & Calendar,"Renewals performance metrics for past 24 months, renewals calendar for next 24 months, and auto-renewal descriptions.","24-month renewals performance (wins, losses, churn reasons, upsell/downsell), forward calendar, auto-renewal programs",Finance,false,,,High,Not Started,,,,,,,,High,Certain,XLSX,,
213,"Product, Sales & Support",XII.O,Post-Sales Org Structure & Comp,"Overview of CS, PS, Support, and Renewals org structure, segmentation, coverage models, and comp plans.","Post-sales org overview: CS/PS/Support/Renewals structure, segmentation, coverage, and comp plans by role",Finance,false,,,Medium,Not Started,,,,,,,,Medium,Certain,PDF,,
214,"Product, Sales & Support",XII.P,Core Business Applications List,What applications are used to run core business functions? SaaS/on-prem/hybrid? Vendor list.,"List applications for Sales, Marketing, Services/Support, HR, Financials — SaaS vs on-prem classification",IT,false,,,Medium,Not Started,,,,,,,,Low,Certain,XLSX,,
215,Real Property & Personal Property,XIII.A,Office Leases & Subleases (Detailed),"All leases or subleases of real property, including address, City, State, Zip, Country, whether used as Legal Entity, leased vs E-Suite, floors, square footage, seats, employees, lease start/end dates, landlord info, and rent payment contact.","Full lease detail per location: address, legal entity flag, floors, sqft, seats, employees, dates, landlord, rent POC","Legal, Facilities",false,,,High,Not Started,,,,,,,,Medium,Certain,XLSX + ZIP of PDFs,,
216,Real Property & Personal Property,XIII.B,Other Real Property Interests,"Description of other interests in real property, including options or contracts of sale.","Any options, contracts of sale, or other real property interests beyond leases",Legal,false,,,Low,Not Started,,,,,,,,Low,Likely,PDF memo,,
217,Real Property & Personal Property,XIII.C,Facility Compliance Certifications,Documents showing certification or compliance with regulatory standards of facilities within last 3 years.,Facility compliance certifications and any deficiency reports,Facilities,false,,,Low,Not Started,,,,,,,,Low,Likely,PDF,,
218,Real Property & Personal Property,XIII.D,Zoning Reports,Copies of all zoning reports. List all cases re non-compliance with applicable zoning laws.,Zoning reports and any non-compliance cases — likely N/A (tenant),Facilities,false,,,Low,Not Started,,,,,,,,Low,Unlikely,PDF memo,,
219,Real Property & Personal Property,XIII.E,Disabilities Law Compliance,Copies of all reports and analyses with respect to compliance with applicable disabilities laws.,ADA/disabilities compliance reports for office locations,Facilities,false,,,Low,Not Started,,,,,,,,Low,Likely,PDF,,
220,Real Property & Personal Property,XIII.F,Certificates of Occupancy & Warranties,Copies of all certificates of occupancy and warranties.,Certificates of occupancy for each office location,Facilities,false,,,Low,Not Started,,,,,,,,Low,Likely,PDF,Landlords,
221,Real Property & Personal Property,XIII.G,As-Built Plans & Specifications,Copies of all as-built plans and specifications.,As-built plans for office buildouts — likely N/A for most locations,Facilities,false,,,Low,Not Started,,,,,,,,Low,Unlikely,PDF,,
222,Real Property & Personal Property,XIII.H,Building Condition & Inspection Reports,Copies of all existing building condition and inspection reports.,Building condition/inspection reports for company locations,Facilities,false,,,Low,Not Started,,,,,,,,Low,Unlikely,PDF,,
223,Real Property & Personal Property,XIII.I,Financing Leases & Sale-Leasebacks,Financing leases and sale and lease-back agreements.,Any financing leases or sale-leaseback arrangements (Crafty capital lease docs in legal register),Finance,false,,,Medium,Not Started,,,,,,,,Low,Likely,PDF,,
224,Real Property & Personal Property,XIII.J,Equipment & Personal Property Leases,Material equipment and personal property leases.,Material equipment leases,"Finance, IT",false,,,Low,Not Started,,,,,,,,Low,Likely,XLSX + PDF,,
225,Real Property & Personal Property,XIII.K,Property Surveys/Maps,Copy of any surveys or maps of the Company's properties.,Property surveys — almost certainly N/A for SaaS company,Facilities,false,,,Low,Not Started,,,,,,,,Low,Unlikely,N/A,,
226,Real Property & Personal Property,XIII.L,Flood Zone Reports,Copies of any reports or studies relating to flood zones.,Flood zone reports for company properties — likely N/A,Facilities,false,,,Low,Not Started,,,,,,,,Low,Unlikely,N/A,,
227,Real Property & Personal Property,XIII.M,Entitlements,Copies of any entitlements.,"Property entitlements — likely N/A (tenant, not developer)",Facilities,false,,,Low,Not Started,,,,,,,,Low,Unlikely,N/A,,
228,Real Property & Personal Property,XIII.N,Condemnation Proceedings,Copies of any condemnation proceedings commenced or threatened.,Any condemnation proceedings — likely N/A,Legal,false,,,Low,Not Started,,,,,,,,Low,Unlikely,PDF memo,,
229,Real Property & Personal Property,XIII.O,Title Policies & Reports,Copy of all title policies and title reports/commitments.,Title policies/reports for owned properties — likely N/A (all leased),Legal,false,,,Low,Not Started,,,,,,,,Low,Unlikely,N/A,,
230,Real Property & Personal Property,XIII.P,Agreements Encumbering Personal Property,Material agreements encumbering personal property owned by the Company.,Any liens or encumbrances on company personal property,Legal,false,,,Low,Not Started,,,,,,,,Low,Likely,PDF memo,,
231,Foreign Operations,XIV.A,Foreign Operations Documentation,"All material documents, correspondence, internal memoranda, compliance procedures, descriptions of internal controls relating to the Company's foreign operations.",Comprehensive foreign operations documentation package,Legal,false,,,Medium,Not Started,,,,,,,,Medium,Certain,ZIP of PDFs,,
232,Foreign Operations,XIV.B,Foreign Government Licenses/Permits,"Schedule of foreign government licenses, permits, permissions, approvals.","Foreign government licenses/permits for Ireland, UK, Australia",Legal,false,,,Medium,Not Started,,,,,,,,Low,Likely,PDF,,
233,Foreign Operations,XIV.C,Profit Repatriation Restrictions,Restrictions on repatriation of profits.,Confirm no restrictions for IE/UK/AU,"Tax, Legal",false,,,Low,Not Started,,,,,,,,Low,Likely,PDF memo,,
234,Foreign Operations,XIV.D,Boycott Matters,Boycott matters.,Confirm no boycott-related issues,Legal,false,,,Low,Not Started,,,,,,,,Low,Unlikely,PDF memo,,
235,Foreign Operations,XIV.E,Expropriation Possibilities,Expropriation possibilities.,Assess expropriation risk in operating jurisdictions — likely N/A,Legal,false,,,Low,Not Started,,,,,,,,Low,Unlikely,PDF memo,,
236,Foreign Operations,XIV.F,Exchange Rate Problems,Exchange rate problems.,Describe any FX exposure or currency hedging — or confirm none,Finance,false,,,Low,Not Started,,,,,,,,Low,Likely,PDF memo,,
237,Foreign Operations,XIV.G,FCPA Compliance,Foreign Corrupt Practices Act.,FCPA compliance documentation and procedures,Legal,false,,,Medium,Not Started,,,,,,,,Medium,Certain,PDF,,
238,Foreign Operations,XIV.H,Foreign Sales Channels & Country List,Summary of sales channels and list of foreign countries with operations.,Sales channel summary and country-by-country operations list,Finance,false,,,Medium,Not Started,,,,,,,,Low,Certain,XLSX,,
239,Foreign Operations,XIV.I,Customer Conference Reimbursement Policies,Summary of customer reimbursement policies for Company-funded or hosted conferences.,Policies for customer reimbursement at company-hosted events,Finance,false,,,Low,Not Started,,,,,,,,Low,Likely,PDF,,
240,Foreign Operations,XIV.J,Referral Fee Programs,Summary of any referral fee programs.,Describe any customer/partner referral fee programs,Finance,false,,,Low,Not Started,,,,,,,,Low,Likely,PDF,,
241,Foreign Operations,XIV.K,BIS/OFAC Correspondence,"Copies of correspondence with BIS, ODTC, or OFAC.","All export control correspondence, self-disclosures, licenses, settlement docs",Legal,false,,,Medium,Not Started,,,,,,,,Low,Likely,PDF,,
242,Foreign Operations,XIV.L,Foreign National Employees,List of foreign national employees whose job requires access to technical information or software.,List foreign nationals with access to product/technical IP — with countries of nationality,"People, Legal",false,,,Medium,Not Started,,,,,,,,Medium,Likely,XLSX,,
243,Foreign Operations,XIV.M,Export Item Inventory & Classifications,"Identify each item exported by the Company. For each: ECCN, countries, export authority, CCATS, Schedule B number.","Export inventory with ECCN classification, destination countries, export authority, and Schedule B numbers","Legal, Engineering",false,,,Medium,Not Started,,,,,,,,Medium,Likely,XLSX,,
244,Tax Matters,XV.A,Federal Tax Returns (5 Years),Copies of all federal tax returns for the last five years.,5 years of federal tax returns,Accounting,false,,,High,Not Started,,,,,,,,Medium,Certain,ZIP of PDFs,External tax advisors,
245,Tax Matters,XV.B,Pending Tax Assessments/Audits,"List of any pending tax assessments, audits or audit adjustments.",Confirm none or list any pending tax assessments/audits,Accounting,false,,,Medium,Not Started,,,,,,,,Low,Certain,PDF memo,,
246,Tax Matters,XV.C,Statutes of Limitations Waivers,Agreements waiving statutes of limitations with respect to taxes.,Confirm no waivers granted,Accounting,false,,,Low,Not Started,,,,,,,,Low,Likely,PDF,,
247,Tax Matters,XV.D,Tax Liens Correspondence,Correspondence regarding any tax liens.,Confirm no tax liens,Accounting,false,,,Low,Not Started,,,,,,,,Low,Likely,PDF memo,,
248,Tax Matters,XV.E,Tax Sharing Agreements,Tax sharing similar agreements between the Company or subsidiaries with any other person or entity.,Any intercompany tax sharing agreements,Accounting,false,,,Low,Not Started,,,,,,,,Low,Likely,PDF,,
249,Tax Matters,XV.F,IRS/Tax Authority Settlement & Correspondence,Settlement documents and related correspondence with the IRS or any taxing authority.,"All IRS/state/foreign tax authority correspondence, settlements, closing letters",Accounting,false,,,Medium,Not Started,,,,,,,,Medium,Certain,ZIP of PDFs,External tax advisors,
250,Tax Matters,XV.G,NOL/Credit Carryforwards Schedule,"Schedule of the amount, origin and status of any US net operating losses or credit carryforwards (including Section 382 information).",NOL schedule with Section 382 limitation analysis — critical for buyer valuation,Accounting,false,,,High,Not Started,,,,,,,,Medium,Certain,XLSX,,
251,Tax Matters,XV.H,Form 5500 (401k),Copy of most recently filed Form 5500 for the Company's 401(k) plan.,Most recent Form 5500 from plan administrator,Accounting,false,,,Low,Not Started,,,,,,,,Low,Likely,PDF,Plan administrator,
252,Tax Matters,XV.I,Tax Authority Correspondence & Audit Reports,"Copies of any correspondence or notice from any taxing authority regarding filed returns or failure to file, including all audit reports.","All tax authority notices, correspondence, and audit reports",Accounting,false,,,Medium,Not Started,,,,,,,,Medium,Certain,ZIP of PDFs,,
253,Tax Matters,XV.J,Foreign Subsidiaries & Foreign Assets,List of foreign subsidiaries and/or material assets in foreign jurisdictions.,Foreign subsidiary list with assets — covered by subsidiary docs,Accounting,false,,,Medium,Not Started,,,,,,,,Low,Certain,XLSX,,
254,Tax Matters,XV.K,Tax Provision Workpapers,Documentation supporting tax accounting in the most recent audited financial statements and most recently completed interim period.,Tax provision workpapers for latest audit and most recent interim period,Accounting,false,,,High,Not Started,,,,,,,,Medium,Certain,XLSX + PDF,,
255,Tax Matters,XV.L,Sales & Use Tax Treatment,"Description of the Company's treatment of its products for sales and use tax purposes, including taxability studies.",Sales/use tax treatment of products and any taxability studies,Accounting,false,,,Medium,Not Started,,,,,,,,Medium,Likely,PDF,,
256,Tax Matters,XV.M,Customer Billings by Jurisdiction & Apportionment,"Customer billings by city, state, and country for past 3 FYs, together with state/local tax apportionment schedules.","3-year customer billings by city/state/country + state tax apportionment schedules (property, payroll, sales)",Accounting,false,,,High,Not Started,,,,,,,,High,Certain,XLSX,,
257,Tax Matters,XV.N,Section 6011 Reportable Transactions,"Confirmation as to whether the Company has entered into listed, reportable, or substantially similar transactions under Section 6011.",Confirm no Section 6011 listed/reportable transactions,Accounting,false,,,Low,Not Started,,,,,,,,Low,Likely,PDF memo,,
258,Tax Matters,XV.O,State & Local Tax Filing Inventory,Listing of all states in which the Company makes state and local tax filings of any type.,"List all states where Intercom files income, franchise, sales/use, payroll, property, or other taxes",Accounting,false,,,Medium,Not Started,,,,,,,,Low,Certain,XLSX,,
259,Tax Matters,XV.P,Transfer Pricing Documentation,Transfer pricing documentation supporting intercompany pricing and narrative of global operating model from tax perspective.,Transfer pricing docs for intercompany transactions + global operating model narrative,Accounting,false,,,High,Not Started,,,,,,,,High,Certain,PDF + XLSX,,
260,Anti-Trust Matters,XVI.A,Revenue by Country,List of revenue generation on a country-by-country basis for the Company's last completed fiscal year.,Revenue by country for last completed FY — list all countries,Finance,false,,,High,Not Started,,,,,,,,Low,Certain,XLSX,,
261,Anti-Trust Matters,XVI.B,Asset Values by Country,List of the Company's asset values on a country-by-country basis.,Asset values by country,Finance,false,,,Medium,Not Started,,,,,,,,Low,Certain,XLSX,,
262,Anti-Trust Matters,XVI.C,Subsidiaries & Branches by Country,"List, by country, of the Company's subsidiaries and branches.",Country-by-country subsidiary and branch list,Legal,false,,,Medium,Not Started,,,,,,,,Low,Certain,XLSX,,
263,Anti-Trust Matters,XVI.D,Business Plans / Strategic Plans (3 Years),Copies of the Company's three most recent business plans/strategic plans.,Last 3 years of business/strategic plans,Finance,false,,,High,Not Started,,,,,,,,Low,Certain,PDF,,
264,Anti-Trust Matters,XVI.E,Market Research Studies (3 Years),Market research or marketing studies concerning the Company prepared within the last three years.,"3-year market research and analyst reports (Gartner, Forrester, IDC)",Finance,false,,,Medium,Not Started,,,,,,,,Low,Certain,ZIP of PDFs,,
265,Anti-Trust Matters,XVI.F,Market Share Estimates,Market share estimates prepared by the Company in the ordinary course.,Internal market share estimates,Finance,false,,,Medium,Not Started,,,,,,,,Low,Certain,PDF,,
266,Anti-Trust Matters,XVI.G,Competitor Analyses,Analyses of the Company's competitors (internal or third-party generated).,Competitive analysis documents (internal + third-party),Finance,false,,,Medium,Not Started,,,,,,,,Low,Certain,ZIP of PDFs,,
267,Global Safety & Security,XVII.A,Workplace Security Policies & Audits,"Copies of all existing workplace security policies and procedures, along with any related internal or external audits.",Workplace security policies and any security audit reports,"Facilities, Security Team",false,,,Medium,Not Started,,,,,,,,Medium,Likely,PDF,,
268,Global Safety & Security,XVII.B,Business Impact Analysis Reports,Any business impact analysis reports and a description of the process by which they are conducted.,BIA reports and methodology description,Security Team,false,,,Medium,Not Started,,,,,,,,Medium,Likely,PDF,,
269,Global Safety & Security,XVII.C,Business Travel Locations & Security Contracts,"List of common and uncommon business travel locations for employees, and copies of any contracts with booking/security provisions for foreign travel.",Employee travel location list and any travel security contracts/provisions,"People, Facilities",false,,,Low,Not Started,,,,,,,,Low,Likely,PDF,,
270,Global Safety & Security,XVII.D,Business Continuity & Crisis Management Plans,Copies of all Business Continuity and Crisis Management plans.,BC/DR plans and crisis management playbooks,Security Team,false,,,High,Not Started,,,,,,,,Medium,Certain,PDF,,
271,Global Safety & Security,XVII.E,Site Risk & Health/Safety Assessments,"For each Company location, copies of any site risk assessments and site health and safety assessments or program documentation.",Site risk assessments and H&S documentation per office location,Facilities,false,,,Medium,Not Started,,,,,,,,Medium,Likely,PDF,,
272,Miscellaneous,XVIII.A,Consents for Proposed Transaction,List of consents or approvals necessary in connection with the proposed transaction.,"Identify all required consents (customer contracts, Hercules, landlords, etc.) — deal-structure dependent",Legal,false,,,High,Not Started,,,,,,,,Medium,Certain,XLSX,Deal structure,
273,Miscellaneous,XVIII.B,Other Material Documents,Other documents or information viewed by management as material to current or proposed operations.,Catch-all — management to identify any material docs not covered above,Legal,false,,,Medium,Not Started,,,,,,,,Low,Likely,PDF,,