Phase,Milestone ID,Milestone,Description,Target Date,Owner,Status,Risk Level,Concern / Flag,Dependency,Actual Completion Date,Notes
Setup,ML-001,DD Tracking System deployed,"Apps Script (ColumnMapping, Notifications, GitHubExport) installed and configured on DD Register",Sun Apr 26 2026 17:00:00 GMT-0700 (Pacific Daylight Time),Tommy Bettles,Complete,Low,,None,Sun Apr 26 2026 17:00:00 GMT-0700 (Pacific Daylight Time),
Setup,ML-002,DD Management skill suite built,"3 Claude Code skills (integra-report, integra-audit, integra-chase) designed, implemented, and tested",Wed Apr 29 2026 17:00:00 GMT-0700 (Pacific Daylight Time),Tommy Bettles,Complete,Low,,ML-001,Wed Apr 29 2026 17:00:00 GMT-0700 (Pacific Daylight Time),
Setup,ML-003,Automated schedules deployed,Daily morning brief (9 AM) and inbox monitor (every 5 min) running via launchd,Wed Apr 29 2026 17:00:00 GMT-0700 (Pacific Daylight Time),Tommy Bettles,Complete,Low,,ML-002,Wed Apr 29 2026 17:00:00 GMT-0700 (Pacific Daylight Time),
Setup,ML-004,Integration testing complete,"All 8 tests passed: Slack, email, chase, inbox, audit, dashboard, scheduled runs, human gates",Wed Apr 29 2026 17:00:00 GMT-0700 (Pacific Daylight Time),Tommy Bettles,Complete,Low,,ML-003,Wed Apr 29 2026 17:00:00 GMT-0700 (Pacific Daylight Time),
Setup,ML-005,C4D Dashboard published,"Interactive DD Command Center dashboard live with dark/light mode, filters, and group owner breakdowns",Wed Apr 29 2026 17:00:00 GMT-0700 (Pacific Daylight Time),Tommy Bettles,Complete,Low,,ML-004,Wed Apr 29 2026 17:00:00 GMT-0700 (Pacific Daylight Time),
Setup,ML-006,Round 1 corpus ingested,33 markdown docs from DFin Round 1 delivery converted and indexed for audit cross-referencing,Wed Apr 29 2026 17:00:00 GMT-0700 (Pacific Daylight Time),Tommy Bettles,Complete,Low,,,Wed Apr 29 2026 17:00:00 GMT-0700 (Pacific Daylight Time),
Setup,ML-007,Coda documentation published,How-To Guide and process overview pages published for core team and tent list,Wed Apr 29 2026 17:00:00 GMT-0700 (Pacific Daylight Time),Tommy Bettles,Complete,Low,,ML-004,Wed Apr 29 2026 17:00:00 GMT-0700 (Pacific Daylight Time),
Launch,ML-008,Official DD list received from Diamond,Diamond delivered 279-item DD request list across 16 sections with P00/P0/P1/P2 priority tiers,Wed Apr 29 2026 17:00:00 GMT-0700 (Pacific Daylight Time),Diamond / MS,Complete,,,External,Wed Apr 29 2026 17:00:00 GMT-0700 (Pacific Daylight Time),Received via Morgan Stanley
Launch,ML-009,"Schema swap, DD list update, and validation complete","279 items imported, 25-column schema aligned, dual priority system (Intercom + Diamond), all automations verified",Thu Apr 30 2026 17:00:00 GMT-0700 (Pacific Daylight Time),Tommy Bettles,Complete,,,ML-008,Thu Apr 30 2026 17:00:00 GMT-0700 (Pacific Daylight Time),"Config, dashboard, skills, prompts, Read Me all updated"
Launch,ML-010,16 delivery folders configured and named,"One GDrive folder per section, named to convention, mapped to data rooms (Main/Employee/Capital Structure)",Thu Apr 30 2026 17:00:00 GMT-0700 (Pacific Daylight Time),Tommy Bettles,Complete,,,ML-009,Thu Apr 30 2026 17:00:00 GMT-0700 (Pacific Daylight Time),GDrive Folder column populated for all 276 items
Launch,ML-011,Read Me tabs updated for new schema,"Internal and External Read Me tabs rewritten with correct column references, folder links, and data room access model",Thu Apr 30 2026 17:00:00 GMT-0700 (Pacific Daylight Time),Tommy Bettles,Complete,,,ML-009,Thu Apr 30 2026 17:00:00 GMT-0700 (Pacific Daylight Time),
Launch,ML-012,Dashboard republished with new schema,"C4D dashboard updated: Diamond Priority (P00-P2), Group Owner analytics, 16-topic breakdowns, fresh embedded data",Thu Apr 30 2026 17:00:00 GMT-0700 (Pacific Daylight Time),Tommy Bettles,Complete,,,ML-009,Thu Apr 30 2026 17:00:00 GMT-0700 (Pacific Daylight Time),
Launch,ML-013,Plain English interpretations populated,All 279 DD items have 'Plain English (per Claude)' column populated translating legal asks into actionable language,Thu Apr 30 2026 17:00:00 GMT-0700 (Pacific Daylight Time),Tommy Bettles,Complete,,,ML-008,Thu Apr 30 2026 17:00:00 GMT-0700 (Pacific Daylight Time),
Kickoff,ML-014,Diamond kickoff meeting,"First working meeting with Diamond team to align on process, priorities, and timeline",Fri May 01 2026 17:00:00 GMT-0700 (Pacific Daylight Time),Tommy Bettles / Brandon Kim,Scheduled,,,ML-008,,11:30am on 01 May
Kickoff,ML-015,Core team notified — system is live,All approved access list members informed that DD tracking system is live with official data,Fri May 01 2026 17:00:00 GMT-0700 (Pacific Daylight Time),Tommy Bettles,In Progress,,,ML-009,,Post-kickoff
Kickoff,ML-016,First automated morning brief with live data,Daily brief runs against official 279-item register with group owner and priority data,Fri May 01 2026 17:00:00 GMT-0700 (Pacific Daylight Time),Automated,Complete,Low,,ML-009,,
Kickoff,ML-017,Owner assignment — first pass,Group Owners assign individual Owners to all DD items within their sections,Mon May 04 2026 17:00:00 GMT-0700 (Pacific Daylight Time),Group Owners,Not Started,High,279 items need owners — this is the #1 blocker to progress tracking,ML-014,,
Kickoff,ML-018,Owner review and feedback,"Core team reviews assignments, flags capacity issues, confirms ownership",Wed May 06 2026 17:00:00 GMT-0700 (Pacific Daylight Time),Core Team,Not Started,Medium,,ML-017,,
Kickoff,ML-019,Priority triage complete,All DD items have Intercom Priority values set where needed; Diamond Priority already populated,Wed May 06 2026 17:00:00 GMT-0700 (Pacific Daylight Time),Tommy Bettles,Not Started,Medium,Enables at-risk flagging in daily briefs,ML-017,,
Execution - Phase 1,ML-020,First deliverable audit completed,At least one DD deliverable audited end-to-end (all 4 checks) and published to Coda,Wed May 06 2026 17:00:00 GMT-0700 (Pacific Daylight Time),Tommy Bettles,Complete,Low,,ML-006,Wed Apr 29 2026 17:00:00 GMT-0700 (Pacific Daylight Time),DOC-018 audited as test — flagged for Cooley escalation
Execution - Phase 1,ML-021,Weekly exec review — first run,First weekly deep review generated and sent to exec distribution list,Fri May 08 2026 17:00:00 GMT-0700 (Pacific Daylight Time),Tommy Bettles,Not Started,Low,weekly_exec_email_list needs to be populated in config first,ML-019,,
Execution - Phase 1,ML-022,Executive and VP offsite (SF),Leadership offsite — limited availability for DD reviews and approvals,Mon May 11 2026 17:00:00 GMT-0700 (Pacific Daylight Time),Exec Team,Scheduled,Medium,3-day window (May 12-14) where approval velocity may slow,,,May 12-14
Execution - Phase 1,ML-023,50% of items in progress or beyond,At least 140 of 279 items have moved past Not Started status,Thu May 07 2026 17:00:00 GMT-0700 (Pacific Daylight Time),All Group Owners,Not Started,High,Requires sustained execution velocity across all sections,ML-017,,
Execution - Phase 1,ML-024,Round 2 first batch shared with Diamond,First set of completed deliverables shared via DFin/data room,Fri May 22 2026 17:00:00 GMT-0700 (Pacific Daylight Time),Tommy Bettles,Not Started,Medium,,ML-010,,
Execution - Phase 1,ML-025,All P00 items completed and signed off by DG,All 36 P00 (Critical) items are in 'Shared with Diamond' status,Mon May 04 2026 17:00:00 GMT-0700 (Pacific Daylight Time),All Group Owners,Not Started,High,"36 P00 items must be complete, reviewed, and signed off by Dan Griggs by EOD Tuesday May 5 PT",ML-019,,
Execution - Phase 1,ML-026,Antitrust document package reviewed by Cooley,All antitrust-sensitive deliverables reviewed and cleared by external counsel,Tue Jun 09 2026 17:00:00 GMT-0700 (Pacific Daylight Time),Cooley / Tommy,Not Started,High,Antitrust review is on the critical path — early escalation needed for flagged docs,ML-020,,
Post Signing,ML-027,Tentative close of diligence,Target date for substantial completion of DD process,Fri Jun 19 2026 17:00:00 GMT-0700 (Pacific Daylight Time),All,Not Started,High,50 days from May 1 — depends on execution velocity and external party responsiveness,ML-025,,
Launch,ML-028,DD list updated to Diamond's revised 279-item version,"22 new items added, 42 items renumbered, 60 priority upgrades applied, all internal data preserved",Fri May 01 2026 17:00:00 GMT-0700 (Pacific Daylight Time),Tommy Bettles,Complete,Low,,ML-009,,
Execution - Phase 1,ML-029,All P0 items completed and signed off by DG,"145 P0 (High Priority) items complete, reviewed, and signed off by Dan Griggs",Thu May 07 2026 17:00:00 GMT-0700 (Pacific Daylight Time),All Group Owners,Not Started,High,145 items — 3 working days after P00 deadline,ML-025,,
Execution - Phase 1,ML-030,All P1 items completed and signed off by DG,"97 P1 (Standard) items complete, reviewed, and signed off by Dan Griggs",Mon May 11 2026 17:00:00 GMT-0700 (Pacific Daylight Time),All Group Owners,Not Started,Medium,97 items — requires sustained velocity through the week,ML-029,,